ISO-10303-21;
HEADER;
FILE_DESCRIPTION(('ViewDefinition[DesignTransferView]'),'2;1');
FILE_NAME('s03-activity-group1.ifc','2026-10-07T02:02:22+08:00',(''),(''),'IfcOpenShell 0.9.0','Bonsai 0.9.0','Nobody');
FILE_SCHEMA(('IFC4'));
ENDSEC;
DATA;
#1=IFCPROJECT('0i3jZaEcrCcO9YjM6A$6KX',$,'My Project',$,$,$,$,(#10,#22),#5);
#2=IFCSIUNIT(*,.LENGTHUNIT.,$,.METRE.);
#3=IFCSIUNIT(*,.AREAUNIT.,$,.SQUARE_METRE.);
#4=IFCSIUNIT(*,.VOLUMEUNIT.,$,.CUBIC_METRE.);
#5=IFCUNITASSIGNMENT((#4,#2,#3));
#6=IFCCARTESIANPOINT((0.,0.,0.));
#7=IFCDIRECTION((0.,0.,1.));
#8=IFCDIRECTION((1.,0.,0.));
#9=IFCAXIS2PLACEMENT3D(#6,#7,#8);
#10=IFCGEOMETRICREPRESENTATIONCONTEXT($,'Model',3,1.E-05,#9,$);
#11=IFCGEOMETRICREPRESENTATIONSUBCONTEXT('Body','Model',*,*,*,*,#10,$,.MODEL_VIEW.,$);
#12=IFCGEOMETRICREPRESENTATIONSUBCONTEXT('Axis','Model',*,*,*,*,#10,$,.GRAPH_VIEW.,$);
#13=IFCGEOMETRICREPRESENTATIONSUBCONTEXT('Box','Model',*,*,*,*,#10,$,.MODEL_VIEW.,$);
#14=IFCGEOMETRICREPRESENTATIONSUBCONTEXT('Annotation','Model',*,*,*,*,#10,$,.SECTION_VIEW.,$);
#15=IFCGEOMETRICREPRESENTATIONSUBCONTEXT('Annotation','Model',*,*,*,*,#10,$,.ELEVATION_VIEW.,$);
#16=IFCGEOMETRICREPRESENTATIONSUBCONTEXT('Annotation','Model',*,*,*,*,#10,$,.MODEL_VIEW.,$);
#17=IFCGEOMETRICREPRESENTATIONSUBCONTEXT('Annotation','Model',*,*,*,*,#10,$,.PLAN_VIEW.,$);
#18=IFCGEOMETRICREPRESENTATIONSUBCONTEXT('Profile','Model',*,*,*,*,#10,$,.ELEVATION_VIEW.,$);
#19=IFCCARTESIANPOINT((0.,0.));
#20=IFCDIRECTION((1.,0.));
#21=IFCAXIS2PLACEMENT2D(#19,#20);
#22=IFCGEOMETRICREPRESENTATIONCONTEXT($,'Plan',2,1.E-05,#21,$);
#23=IFCGEOMETRICREPRESENTATIONSUBCONTEXT('Axis','Plan',*,*,*,*,#22,$,.GRAPH_VIEW.,$);
#24=IFCGEOMETRICREPRESENTATIONSUBCONTEXT('Body','Plan',*,*,*,*,#22,$,.PLAN_VIEW.,$);
#25=IFCGEOMETRICREPRESENTATIONSUBCONTEXT('Annotation','Plan',*,*,*,*,#22,$,.PLAN_VIEW.,$);
#26=IFCGEOMETRICREPRESENTATIONSUBCONTEXT('Annotation','Plan',*,*,*,*,#22,$,.REFLECTED_PLAN_VIEW.,$);
#27=IFCSITE('2nGngZZQTCIA7CjLzEDrrS',$,'My Site',$,$,#50,$,$,$,$,$,$,$,$);
#33=IFCBUILDING('2gFqXt5SrBc86tzCKwMcii',$,'My Building',$,$,#56,$,$,$,$,$,$);
#39=IFCBUILDINGSTOREY('0$hmVFWQzBJPdQ69fPKiSF',$,'2F',$,$,#5027,$,$,$,3.);
#45=IFCRELAGGREGATES('2bqVQjel9DdgW3vpYWYOxx',$,$,$,#1,(#27));
#46=IFCCARTESIANPOINT((0.,0.,0.));
#47=IFCDIRECTION((0.,0.,1.));
#48=IFCDIRECTION((1.,0.,0.));
#49=IFCAXIS2PLACEMENT3D(#46,#47,#48);
#50=IFCLOCALPLACEMENT($,#49);
#51=IFCRELAGGREGATES('00CvF_zirBze2QD$t7zImS',$,$,$,#27,(#33));
#52=IFCCARTESIANPOINT((0.,0.,0.));
#53=IFCDIRECTION((0.,0.,1.));
#54=IFCDIRECTION((1.,0.,0.));
#55=IFCAXIS2PLACEMENT3D(#52,#53,#54);
#56=IFCLOCALPLACEMENT(#50,#55);
#57=IFCRELAGGREGATES('0hRAZkmff4zAXW9xrxU1Aq',$,$,$,#33,(#63,#7531,#39));
#63=IFCBUILDINGSTOREY('3UHHvE5Hr6HgmA3JkUGQFf',$,'GF',$,$,#79,$,$,$,$);
#75=IFCCARTESIANPOINT((0.,0.,0.));
#76=IFCDIRECTION((0.,0.,1.));
#77=IFCDIRECTION((1.,0.,0.));
#78=IFCAXIS2PLACEMENT3D(#75,#76,#77);
#79=IFCLOCALPLACEMENT(#56,#78);
#80=IFCWALLTYPE('0zXMikY4vBYhPOQ02DmmJ1',$,'Wall',$,$,(#85),$,$,$,.SOLIDWALL.);
#81=IFCMATERIAL('Unknown',$,$);
#82=IFCMATERIALLAYERSET((#84),$,$);
#83=IFCRELASSOCIATESMATERIAL('14VUDs4Vz818GGX7Oc9fn3',$,$,$,(#80),#82);
#84=IFCMATERIALLAYER(#81,0.1,$,$,$,$,$);
#85=IFCPROPERTYSET('1gfIMROcn2X9KqgoSmPtJJ',$,'EPset_Parametric',$,(#86));
#86=IFCPROPERTYSINGLEVALUE('LayerSetDirection',$,IFCLABEL('AXIS2'),$);
#87=IFCWALL('3or_4xuLbA58Ph90hDwTYW',$,'Wall',$,$,#625,#95,$,$);
#88=IFCRELCONTAINEDINSPATIALSTRUCTURE('29u$0aQkHAn8gyKQC6SAZs',$,$,$,(#164,#189,#239,#4715,#1263,#139,#1555,#896,#214,#2139,#2404,#264,#1132,#1847,#4357,#664,#2747,#769,#871,#639,#114,#87),#63);
#89=IFCRELDEFINESBYTYPE('3w7p$iWeT60gCQBv0cW97a',$,$,$,(#164,#769,#8663,#114,#5311,#8701,#5273,#8421,#264,#9125,#871,#7267,#5691,#87,#5653,#639,#896,#189,#214,#5501,#239,#5463,#5425,#664,#8446,#5349,#139),#80);
#90=IFCMATERIALLAYERSETUSAGE(#82,.AXIS2.,.POSITIVE.,0.,$);
#91=IFCRELASSOCIATESMATERIAL('2WPyj7r8T1R8QL5PZO9rLz',$,$,$,(#87),#90);
#95=IFCPRODUCTDEFINITIONSHAPE($,$,(#620,#617));
#111=IFCPROPERTYSET('3eJ9gylqbCK99req4Fitzm',$,'EPset_Parametric',$,(#113));
#112=IFCRELDEFINESBYPROPERTIES('391VDhrAHCogw5dNIKRkWa',$,$,$,(#87),#111);
#113=IFCPROPERTYSINGLEVALUE('Engine',$,IFCLABEL('Bonsai.DumbLayer2'),$);
#114=IFCWALL('0esJ0QuIX2f8_gUvR6zSd3',$,'Wall',$,$,#125,#120,$,$);
#115=IFCMATERIALLAYERSETUSAGE(#82,.AXIS2.,.POSITIVE.,0.,$);
#116=IFCRELASSOCIATESMATERIAL('3mr3330d13DxeYE0z_8qqj',$,$,$,(#114),#115);
#120=IFCPRODUCTDEFINITIONSHAPE($,$,(#451,#448));
#121=IFCCARTESIANPOINT((4.22660493850708,-2.590106248855591,0.));
#122=IFCDIRECTION((0.,0.,1.));
#123=IFCDIRECTION((7.549790126404311E-08,0.9999999999999971,0.));
#124=IFCAXIS2PLACEMENT3D(#121,#122,#123);
#125=IFCLOCALPLACEMENT(#79,#124);
#136=IFCPROPERTYSET('10p0WTP_zF3etJ2rba_yk4',$,'EPset_Parametric',$,(#138));
#137=IFCRELDEFINESBYPROPERTIES('2hpu$alET89vFe0Z2bXP6q',$,$,$,(#114),#136);
#138=IFCPROPERTYSINGLEVALUE('Engine',$,IFCLABEL('Bonsai.DumbLayer2'),$);
#139=IFCWALL('1LKv1_aYn0fwt8sFYh_JKK',$,'Wall',$,$,#438,#145,$,$);
#140=IFCMATERIALLAYERSETUSAGE(#82,.AXIS2.,.POSITIVE.,0.,$);
#141=IFCRELASSOCIATESMATERIAL('1UfML6CwfDYe5mAzyP42ec',$,$,$,(#139),#140);
#145=IFCPRODUCTDEFINITIONSHAPE($,$,(#483,#480));
#161=IFCPROPERTYSET('2LNb5z8Gj7wehOs4ERr03v',$,'EPset_Parametric',$,(#163));
#162=IFCRELDEFINESBYPROPERTIES('38g_7kE1z1k9zPHdVacs6s',$,$,$,(#139),#161);
#163=IFCPROPERTYSINGLEVALUE('Engine',$,IFCLABEL('Bonsai.DumbLayer2'),$);
#164=IFCWALL('3A2DT86bT3HQoPmsN95VZl',$,'Wall',$,$,#470,#170,$,$);
#165=IFCMATERIALLAYERSETUSAGE(#82,.AXIS2.,.POSITIVE.,0.,$);
#166=IFCRELASSOCIATESMATERIAL('3yIX11WdfFxBTu01LnozVm',$,$,$,(#164),#165);
#170=IFCPRODUCTDEFINITIONSHAPE($,$,(#510,#507));
#186=IFCPROPERTYSET('07ai3dBv5CZ8DjkDWwX$Ks',$,'EPset_Parametric',$,(#188));
#187=IFCRELDEFINESBYPROPERTIES('0mP_vllXD178J8hiLZG78s',$,$,$,(#164),#186);
#188=IFCPROPERTYSINGLEVALUE('Engine',$,IFCLABEL('Bonsai.DumbLayer2'),$);
#189=IFCWALL('0Oo9jk5RL6BBDSAWK4e8kF',$,'Wall',$,$,#200,#195,$,$);
#190=IFCMATERIALLAYERSETUSAGE(#82,.AXIS2.,.POSITIVE.,0.,$);
#191=IFCRELASSOCIATESMATERIAL('2KfYJizV15ueRybDX3kY3m',$,$,$,(#189),#190);
#195=IFCPRODUCTDEFINITIONSHAPE($,$,(#1061,#1058));
#196=IFCCARTESIANPOINT((0.7766045331954956,5.019893646240234,0.));
#197=IFCDIRECTION((0.,0.,1.));
#198=IFCDIRECTION((-0.9999999999999243,3.8941436741876494E-07,0.));
#199=IFCAXIS2PLACEMENT3D(#196,#197,#198);
#200=IFCLOCALPLACEMENT(#79,#199);
#211=IFCPROPERTYSET('1C$WDrv794GwzD$dVPR46v',$,'EPset_Parametric',$,(#213));
#212=IFCRELDEFINESBYPROPERTIES('1rilwC7P16nhc5iRSvV92_',$,$,$,(#189),#211);
#213=IFCPROPERTYSINGLEVALUE('Engine',$,IFCLABEL('Bonsai.DumbLayer2'),$);
#214=IFCWALL('1bHi$pRRDF08AxO6OYhWDz',$,'Wall',$,$,#529,#220,$,$);
#215=IFCMATERIALLAYERSETUSAGE(#82,.AXIS2.,.POSITIVE.,0.,$);
#216=IFCRELASSOCIATESMATERIAL('3Z2AA28$f9TuNO4C_Uogpq',$,$,$,(#214),#215);
#220=IFCPRODUCTDEFINITIONSHAPE($,$,(#768,#765));
#236=IFCPROPERTYSET('23h0ZwMO15WuKKEl1e$hmg',$,'EPset_Parametric',$,(#238));
#237=IFCRELDEFINESBYPROPERTIES('31YqxPQAH6IQCyP4K62tN1',$,$,$,(#214),#236);
#238=IFCPROPERTYSINGLEVALUE('Engine',$,IFCLABEL('Bonsai.DumbLayer2'),$);
#239=IFCWALL('2IWHwWhT95B8w6m1QLGpcp',$,'Wall',$,$,#561,#245,$,$);
#240=IFCMATERIALLAYERSETUSAGE(#82,.AXIS2.,.POSITIVE.,0.,$);
#241=IFCRELASSOCIATESMATERIAL('1QdBGtQCz7IPgjCY7FAGw0',$,$,$,(#239),#240);
#245=IFCPRODUCTDEFINITIONSHAPE($,$,(#606,#603));
#261=IFCPROPERTYSET('2wtolCwc9D38vVQDfY5aQf',$,'EPset_Parametric',$,(#263));
#262=IFCRELDEFINESBYPROPERTIES('2s6FgVRTHClxp9jZgKMqks',$,$,$,(#239),#261);
#263=IFCPROPERTYSINGLEVALUE('Engine',$,IFCLABEL('Bonsai.DumbLayer2'),$);
#264=IFCWALL('0WlAKsMIj8_xa5oSjpljLy',$,'Wall',$,$,#593,#270,$,$);
#265=IFCMATERIALLAYERSETUSAGE(#82,.AXIS2.,.POSITIVE.,0.,$);
#266=IFCRELASSOCIATESMATERIAL('35YoHUnHLFqQ4deTCk2JBp',$,$,$,(#264),#265);
#270=IFCPRODUCTDEFINITIONSHAPE($,$,(#638,#635));
#286=IFCPROPERTYSET('0yGuXzX3XCwB8$EbVsu4ZE',$,'EPset_Parametric',$,(#288));
#287=IFCRELDEFINESBYPROPERTIES('0CK_SJap13XxxVqm5VYOIU',$,$,$,(#264),#286);
#288=IFCPROPERTYSINGLEVALUE('Engine',$,IFCLABEL('Bonsai.DumbLayer2'),$);
#393=IFCRELCONNECTSPATHELEMENTS('36GCLO9995NgQzqUYjLC3p',$,$,$,$,#114,#87,(),(),.ATEND.,.ATSTART.);
#420=IFCRELCONNECTSPATHELEMENTS('2Wb25VGtD8BBLXyhMRE2Xk',$,$,$,$,#139,#114,(),(),.ATEND.,.ATSTART.);
#434=IFCCARTESIANPOINT((4.226605624783033,6.499894142151055,0.));
#435=IFCDIRECTION((0.,0.,1.));
#436=IFCDIRECTION((-0.9999999999999887,-1.5099580252808492E-07,0.));
#437=IFCAXIS2PLACEMENT3D(#434,#435,#436);
#438=IFCLOCALPLACEMENT(#79,#437);
#439=IFCCARTESIANPOINTLIST2D(((0.,0.),(0.09999999245021016,0.1),(8.990000368357297,0.1),(9.09000039100667,0.)));
#440=IFCINDEXEDPOLYCURVE(#439,(IFCLINEINDEX((1,2,3,4,1))),$);
#441=IFCARBITRARYCLOSEDPROFILEDEF(.AREA.,$,#440);
#442=IFCCARTESIANPOINT((0.,0.,0.));
#443=IFCDIRECTION((0.,0.,1.));
#444=IFCDIRECTION((1.,0.,0.));
#445=IFCAXIS2PLACEMENT3D(#442,#443,#444);
#446=IFCDIRECTION((0.,0.,1.));
#447=IFCEXTRUDEDAREASOLID(#441,#445,#446,3.);
#448=IFCSHAPEREPRESENTATION(#11,'Body','SweptSolid',(#447));
#449=IFCCARTESIANPOINTLIST2D(((0.,0.),(9.09000039100667,0.)));
#450=IFCINDEXEDPOLYCURVE(#449,$,$);
#451=IFCSHAPEREPRESENTATION(#23,'Axis','Curve2D',(#450));
#452=IFCRELCONNECTSPATHELEMENTS('17MB40$wrDdOqGOOBWbl7M',$,$,$,$,#164,#139,(),(),.ATEND.,.ATSTART.);
#466=IFCCARTESIANPOINT((0.7766044139862094,6.499893621215354,0.));
#467=IFCDIRECTION((0.,0.,1.));
#468=IFCDIRECTION((7.549790126404312E-08,-0.9999999999999972,0.));
#469=IFCAXIS2PLACEMENT3D(#466,#467,#468);
#470=IFCLOCALPLACEMENT(#79,#469);
#471=IFCCARTESIANPOINTLIST2D(((0.,0.),(0.10000002264937295,0.1),(3.3500012183466525,0.1),(3.4500012107968625,0.)));
#472=IFCINDEXEDPOLYCURVE(#471,(IFCLINEINDEX((1,2,3,4,1))),$);
#473=IFCARBITRARYCLOSEDPROFILEDEF(.AREA.,$,#472);
#474=IFCCARTESIANPOINT((0.,0.,0.));
#475=IFCDIRECTION((0.,0.,1.));
#476=IFCDIRECTION((1.,0.,0.));
#477=IFCAXIS2PLACEMENT3D(#474,#475,#476);
#478=IFCDIRECTION((0.,0.,1.));
#479=IFCEXTRUDEDAREASOLID(#473,#477,#478,3.);
#480=IFCSHAPEREPRESENTATION(#11,'Body','SweptSolid',(#479));
#481=IFCCARTESIANPOINTLIST2D(((0.,0.),(3.4500012107968625,0.)));
#482=IFCINDEXEDPOLYCURVE(#481,$,$);
#483=IFCSHAPEREPRESENTATION(#23,'Axis','Curve2D',(#482));
#484=IFCRELCONNECTSPATHELEMENTS('02b2pmGyjEQQBFqwT3it8u',$,$,$,$,#189,#164,(),(),.ATEND.,.ATSTART.);
#498=IFCCARTESIANPOINTLIST2D(((0.,0.),(0.09999999245021017,0.1),(1.5800000214663574,0.1),(1.4799999749751196,0.)));
#499=IFCINDEXEDPOLYCURVE(#498,(IFCLINEINDEX((1,2,3,4,1))),$);
#500=IFCARBITRARYCLOSEDPROFILEDEF(.AREA.,$,#499);
#501=IFCCARTESIANPOINT((0.,0.,0.));
#502=IFCDIRECTION((0.,0.,1.));
#503=IFCDIRECTION((1.,0.,0.));
#504=IFCAXIS2PLACEMENT3D(#501,#502,#503);
#505=IFCDIRECTION((0.,0.,1.));
#506=IFCEXTRUDEDAREASOLID(#500,#504,#505,3.);
#507=IFCSHAPEREPRESENTATION(#11,'Body','SweptSolid',(#506));
#508=IFCCARTESIANPOINTLIST2D(((0.,0.),(1.4799999749751196,0.)));
#509=IFCINDEXEDPOLYCURVE(#508,$,$);
#510=IFCSHAPEREPRESENTATION(#23,'Axis','Curve2D',(#509));
#511=IFCRELCONNECTSPATHELEMENTS('2fXJvCNgb9NeK36qT5HnhZ',$,$,$,$,#214,#189,(),(),.ATEND.,.ATSTART.);
#525=IFCCARTESIANPOINT((-2.7933955192566606,5.0198950364495465,0.));
#526=IFCDIRECTION((0.,0.,1.));
#527=IFCDIRECTION((7.549790126404312E-08,-0.9999999999999972,0.));
#528=IFCAXIS2PLACEMENT3D(#525,#526,#527);
#529=IFCLOCALPLACEMENT(#79,#528);
#543=IFCRELCONNECTSPATHELEMENTS('1riXlluBf9wxKlqWjtL3EG',$,$,$,$,#239,#214,(),(),.ATEND.,.ATSTART.);
#557=IFCCARTESIANPOINT((-2.7933951319523493,-0.11010599136352539,0.));
#558=IFCDIRECTION((0.,0.,1.));
#559=IFCDIRECTION((1.,0.,0.));
#560=IFCAXIS2PLACEMENT3D(#557,#558,#559);
#561=IFCLOCALPLACEMENT(#79,#560);
#575=IFCRELCONNECTSPATHELEMENTS('3ZQ4Jd$lL2qflC$7wOT9iY',$,$,$,$,#264,#239,(),(),.ATEND.,.ATSTART.);
#589=IFCCARTESIANPOINT((0.2266049385070975,-0.11010599136352539,0.));
#590=IFCDIRECTION((0.,0.,1.));
#591=IFCDIRECTION((7.549790126404312E-08,-0.9999999999999972,0.));
#592=IFCAXIS2PLACEMENT3D(#589,#590,#591);
#593=IFCLOCALPLACEMENT(#79,#592);
#594=IFCCARTESIANPOINTLIST2D(((0.,0.),(0.09999999245021017,0.1),(3.1200000629096567,0.1),(3.0200000704594467,0.)));
#595=IFCINDEXEDPOLYCURVE(#594,(IFCLINEINDEX((1,2,3,4,1))),$);
#596=IFCARBITRARYCLOSEDPROFILEDEF(.AREA.,$,#595);
#597=IFCCARTESIANPOINT((0.,0.,0.));
#598=IFCDIRECTION((0.,0.,1.));
#599=IFCDIRECTION((1.,0.,0.));
#600=IFCAXIS2PLACEMENT3D(#597,#598,#599);
#601=IFCDIRECTION((0.,0.,1.));
#602=IFCEXTRUDEDAREASOLID(#596,#600,#601,3.);
#603=IFCSHAPEREPRESENTATION(#11,'Body','SweptSolid',(#602));
#604=IFCCARTESIANPOINTLIST2D(((0.,0.),(3.0200000704594467,0.)));
#605=IFCINDEXEDPOLYCURVE(#604,$,$);
#606=IFCSHAPEREPRESENTATION(#23,'Axis','Curve2D',(#605));
#607=IFCRELCONNECTSPATHELEMENTS('3mYp73avH8V92tayWhV0PY',$,$,$,$,#87,#264,(),(),.ATEND.,.ATSTART.);
#608=IFCCARTESIANPOINTLIST2D(((0.,0.),(0.09999999245021017,0.1),(3.899999820314958,0.1),(3.999999812765168,0.)));
#609=IFCINDEXEDPOLYCURVE(#608,(IFCLINEINDEX((1,2,3,4,1))),$);
#610=IFCARBITRARYCLOSEDPROFILEDEF(.AREA.,$,#609);
#611=IFCCARTESIANPOINT((0.,0.,0.));
#612=IFCDIRECTION((0.,0.,1.));
#613=IFCDIRECTION((1.,0.,0.));
#614=IFCAXIS2PLACEMENT3D(#611,#612,#613);
#615=IFCDIRECTION((0.,0.,1.));
#616=IFCEXTRUDEDAREASOLID(#610,#614,#615,3.);
#617=IFCSHAPEREPRESENTATION(#11,'Body','SweptSolid',(#616));
#618=IFCCARTESIANPOINTLIST2D(((0.,0.),(3.999999812765168,0.)));
#619=IFCINDEXEDPOLYCURVE(#618,$,$);
#620=IFCSHAPEREPRESENTATION(#23,'Axis','Curve2D',(#619));
#621=IFCCARTESIANPOINT((0.22660512574191208,-2.590106248855591,0.));
#622=IFCDIRECTION((0.,0.,1.));
#623=IFCDIRECTION((1.,0.,0.));
#624=IFCAXIS2PLACEMENT3D(#621,#622,#623);
#625=IFCLOCALPLACEMENT(#79,#624);
#626=IFCCARTESIANPOINTLIST2D(((0.,0.),(-0.09999999245021016,0.1),(2.380000265041862,0.1),(2.480000257492072,0.)));
#627=IFCINDEXEDPOLYCURVE(#626,(IFCLINEINDEX((1,2,3,4,1))),$);
#628=IFCARBITRARYCLOSEDPROFILEDEF(.AREA.,$,#627);
#629=IFCCARTESIANPOINT((0.,0.,0.));
#630=IFCDIRECTION((0.,0.,1.));
#631=IFCDIRECTION((1.,0.,0.));
#632=IFCAXIS2PLACEMENT3D(#629,#630,#631);
#633=IFCDIRECTION((0.,0.,1.));
#634=IFCEXTRUDEDAREASOLID(#628,#632,#633,3.);
#635=IFCSHAPEREPRESENTATION(#11,'Body','SweptSolid',(#634));
#636=IFCCARTESIANPOINTLIST2D(((0.,0.),(2.480000257492072,0.)));
#637=IFCINDEXEDPOLYCURVE(#636,$,$);
#638=IFCSHAPEREPRESENTATION(#23,'Axis','Curve2D',(#637));
#639=IFCWALL('3Q9Rgns6f4ZQhwHFwA2klP',$,'Wall',$,$,#650,#645,$,$);
#640=IFCMATERIALLAYERSETUSAGE(#82,.AXIS2.,.POSITIVE.,0.,$);
#641=IFCRELASSOCIATESMATERIAL('2$Hfs0I8H7d8XVe3v$mkdC',$,$,$,(#639),#640);
#645=IFCPRODUCTDEFINITIONSHAPE($,$,(#741,#738));
#646=IFCCARTESIANPOINT((0.3250254988670349,-0.011685574427247047,0.));
#647=IFCDIRECTION((0.,0.,1.));
#648=IFCDIRECTION((7.549790126404311E-08,0.9999999999999971,0.));
#649=IFCAXIS2PLACEMENT3D(#646,#647,#648);
#650=IFCLOCALPLACEMENT(#79,#649);
#661=IFCPROPERTYSET('0EeldPijTBHAZIlDq6K7x3',$,'EPset_Parametric',$,(#663));
#662=IFCRELDEFINESBYPROPERTIES('3k3r81Rtv6WRN9XlEayCqd',$,$,$,(#639),#661);
#663=IFCPROPERTYSINGLEVALUE('Engine',$,IFCLABEL('Bonsai.DumbLayer2'),$);
#664=IFCWALL('23fs$C4A1FzwPMW0BoTvWt',$,'Wall',$,$,#675,#670,$,$);
#665=IFCMATERIALLAYERSETUSAGE(#82,.AXIS2.,.POSITIVE.,0.,$);
#666=IFCRELASSOCIATESMATERIAL('3crSdcnb9BdhhAWqkZvHKE',$,$,$,(#664),#665);
#670=IFCPRODUCTDEFINITIONSHAPE($,$,(#870,#867));
#671=IFCCARTESIANPOINT((0.3250257074832916,2.6383144855499268,0.));
#672=IFCDIRECTION((0.,0.,1.));
#673=IFCDIRECTION((-0.9999999999999887,-1.5099580252808492E-07,0.));
#674=IFCAXIS2PLACEMENT3D(#671,#672,#673);
#675=IFCLOCALPLACEMENT(#79,#674);
#686=IFCPROPERTYSET('2EPU_a3PP2lOnMR2Cw2hdt',$,'EPset_Parametric',$,(#688));
#687=IFCRELDEFINESBYPROPERTIES('28$VJBJ8jFOfwJEi$rax$b',$,$,$,(#664),#686);
#688=IFCPROPERTYSINGLEVALUE('Engine',$,IFCLABEL('Bonsai.DumbLayer2'),$);
#715=IFCRELCONNECTSPATHELEMENTS('0NL8wGf_9BcOHhzKEjPojW',$,$,$,$,#664,#639,(),(),.ATEND.,.ATSTART.);
#729=IFCCARTESIANPOINTLIST2D(((0.,0.),(0.,0.1),(2.550000037327807,0.1),(2.65000005997718,0.)));
#730=IFCINDEXEDPOLYCURVE(#729,(IFCLINEINDEX((1,2,3,4,1))),$);
#731=IFCARBITRARYCLOSEDPROFILEDEF(.AREA.,$,#730);
#732=IFCCARTESIANPOINT((0.,0.,0.));
#733=IFCDIRECTION((0.,0.,1.));
#734=IFCDIRECTION((1.,0.,0.));
#735=IFCAXIS2PLACEMENT3D(#732,#733,#734);
#736=IFCDIRECTION((0.,0.,1.));
#737=IFCEXTRUDEDAREASOLID(#731,#735,#736,3.);
#738=IFCSHAPEREPRESENTATION(#11,'Body','SweptSolid',(#737));
#739=IFCCARTESIANPOINTLIST2D(((0.,0.),(2.65000005997718,0.)));
#740=IFCINDEXEDPOLYCURVE(#739,$,$);
#741=IFCSHAPEREPRESENTATION(#23,'Axis','Curve2D',(#740));
#742=IFCRELCONNECTSPATHELEMENTS('1eRJUAox9BFh9zO2qum1Sj',$,$,$,$,#664,#214,(),(),.ATPATH.,.ATEND.);
#756=IFCCARTESIANPOINTLIST2D(((0.,0.),(0.1000000464912377,0.1),(5.030001035362877,0.1),(5.130001027813087,0.)));
#757=IFCINDEXEDPOLYCURVE(#756,(IFCLINEINDEX((1,2,3,4,1))),$);
#758=IFCARBITRARYCLOSEDPROFILEDEF(.AREA.,$,#757);
#759=IFCCARTESIANPOINT((0.,0.,0.));
#760=IFCDIRECTION((0.,0.,1.));
#761=IFCDIRECTION((1.,0.,0.));
#762=IFCAXIS2PLACEMENT3D(#759,#760,#761);
#763=IFCDIRECTION((0.,0.,1.));
#764=IFCEXTRUDEDAREASOLID(#758,#762,#763,3.);
#765=IFCSHAPEREPRESENTATION(#11,'Body','SweptSolid',(#764));
#766=IFCCARTESIANPOINTLIST2D(((0.,0.),(5.130001027813087,0.)));
#767=IFCINDEXEDPOLYCURVE(#766,$,$);
#768=IFCSHAPEREPRESENTATION(#23,'Axis','Curve2D',(#767));
#769=IFCWALL('3PxTNWypv3KwW1_r8hyu0V',$,'Wall',$,$,#857,#775,$,$);
#770=IFCMATERIALLAYERSETUSAGE(#82,.AXIS2.,.POSITIVE.,0.,$);
#771=IFCRELASSOCIATESMATERIAL('2VKgXVUJrC7B3ygiRl6ksE',$,$,$,(#769),#770);
#775=IFCPRODUCTDEFINITIONSHAPE($,$,(#1098,#1095));
#791=IFCPROPERTYSET('3kRwEXUqr0$vB2kfwhsQOG',$,'EPset_Parametric',$,(#793));
#792=IFCRELDEFINESBYPROPERTIES('0cO31kZ9z4tOyJHXCgWxwB',$,$,$,(#769),#791);
#793=IFCPROPERTYSINGLEVALUE('Engine',$,IFCLABEL('Bonsai.DumbLayer2'),$);
#807=IFCRELCONNECTSPATHELEMENTS('1Y8ZTPB6n0tQ4EhDgSRdIu',$,$,$,$,#769,#189,(),(),.ATPATH.,.ATEND.);
#839=IFCRELCONNECTSPATHELEMENTS('3rNDvuXHr4oekCbRqOjxc4',$,$,$,$,#769,#664,(),(),.ATPATH.,.ATSTART.);
#853=IFCCARTESIANPOINT((-1.1727052919713181,2.6383142593988325,0.));
#854=IFCDIRECTION((0.,0.,1.));
#855=IFCDIRECTION((1.9470718370939353E-07,0.9999999999999811,0.));
#856=IFCAXIS2PLACEMENT3D(#853,#854,#855);
#857=IFCLOCALPLACEMENT(#79,#856);
#858=IFCCARTESIANPOINTLIST2D(((0.,0.),(0.10000002264937295,0.1),(3.018421045938595,0.1),(3.018421038388805,0.)));
#859=IFCINDEXEDPOLYCURVE(#858,(IFCLINEINDEX((1,2,3,4,1))),$);
#860=IFCARBITRARYCLOSEDPROFILEDEF(.AREA.,$,#859);
#861=IFCCARTESIANPOINT((0.,0.,0.));
#862=IFCDIRECTION((0.,0.,1.));
#863=IFCDIRECTION((1.,0.,0.));
#864=IFCAXIS2PLACEMENT3D(#861,#862,#863);
#865=IFCDIRECTION((0.,0.,1.));
#866=IFCEXTRUDEDAREASOLID(#860,#864,#865,3.);
#867=IFCSHAPEREPRESENTATION(#11,'Body','SweptSolid',(#866));
#868=IFCCARTESIANPOINTLIST2D(((0.,0.),(3.118421038388805,0.)));
#869=IFCINDEXEDPOLYCURVE(#868,$,$);
#870=IFCSHAPEREPRESENTATION(#23,'Axis','Curve2D',(#869));
#871=IFCWALL('0lDVhkM5P38QO82FOyrVz6',$,'Wall',$,$,#1048,#877,$,$);
#872=IFCMATERIALLAYERSETUSAGE(#82,.AXIS2.,.POSITIVE.,0.,$);
#873=IFCRELASSOCIATESMATERIAL('0PipLQHCf4uf890r_PmHkg',$,$,$,(#871),#872);
#877=IFCPRODUCTDEFINITIONSHAPE($,$,(#1112,#1109));
#893=IFCPROPERTYSET('0LeHQEQZj8L9lOFYpBPOwq',$,'EPset_Parametric',$,(#895));
#894=IFCRELDEFINESBYPROPERTIES('32tYCAhtHDjww3Nl_iWju4',$,$,$,(#871),#893);
#895=IFCPROPERTYSINGLEVALUE('Engine',$,IFCLABEL('Bonsai.DumbLayer2'),$);
#896=IFCWALL('1devFiVB92OuS_GykWnWbY',$,'Wall',$,$,#1085,#902,$,$);
#897=IFCMATERIALLAYERSETUSAGE(#82,.AXIS2.,.POSITIVE.,0.,$);
#898=IFCRELASSOCIATESMATERIAL('00htk57BXDdws4ADvkxK0h',$,$,$,(#896),#897);
#902=IFCPRODUCTDEFINITIONSHAPE($,$,(#1125,#1122));
#918=IFCPROPERTYSET('0XzVCS1192iQwCeQZjCraf',$,'EPset_Parametric',$,(#920));
#919=IFCRELDEFINESBYPROPERTIES('0mNitOuv93pRodXyJeFM2M',$,$,$,(#896),#918);
#920=IFCPROPERTYSINGLEVALUE('Engine',$,IFCLABEL('Bonsai.DumbLayer2'),$);
#1030=IFCRELCONNECTSPATHELEMENTS('3y8jvXcz9FwRmvyhvbH9DC',$,$,$,$,#871,#189,(),(),.ATPATH.,.ATSTART.);
#1044=IFCCARTESIANPOINT((0.7766045307089577,5.019893646240236,0.));
#1045=IFCDIRECTION((0.,0.,1.));
#1046=IFCDIRECTION((1.9470718370939353E-07,-0.9999999999999811,0.));
#1047=IFCAXIS2PLACEMENT3D(#1044,#1045,#1046);
#1048=IFCLOCALPLACEMENT(#79,#1047);
#1049=IFCCARTESIANPOINTLIST2D(((0.,0.),(-0.10000004649123767,0.1),(3.4699999984887944,0.1),(3.570000044980032,0.)));
#1050=IFCINDEXEDPOLYCURVE(#1049,(IFCLINEINDEX((1,2,3,4,1))),$);
#1051=IFCARBITRARYCLOSEDPROFILEDEF(.AREA.,$,#1050);
#1052=IFCCARTESIANPOINT((0.,0.,0.));
#1053=IFCDIRECTION((0.,0.,1.));
#1054=IFCDIRECTION((1.,0.,0.));
#1055=IFCAXIS2PLACEMENT3D(#1052,#1053,#1054);
#1056=IFCDIRECTION((0.,0.,1.));
#1057=IFCEXTRUDEDAREASOLID(#1051,#1055,#1056,3.);
#1058=IFCSHAPEREPRESENTATION(#11,'Body','SweptSolid',(#1057));
#1059=IFCCARTESIANPOINTLIST2D(((0.,0.),(3.570000044980032,0.)));
#1060=IFCINDEXEDPOLYCURVE(#1059,$,$);
#1061=IFCSHAPEREPRESENTATION(#23,'Axis','Curve2D',(#1060));
#1067=IFCRELCONNECTSPATHELEMENTS('2knYZYjuD6o95on_ph9Irk',$,$,$,$,#896,#769,(),(),.ATPATH.,.ATEND.);
#1081=IFCCARTESIANPOINT((0.7766048155209212,3.557122945785459,0.));
#1082=IFCDIRECTION((0.,0.,1.));
#1083=IFCDIRECTION((-0.9999999999999243,3.8941436741876494E-07,0.));
#1084=IFCAXIS2PLACEMENT3D(#1081,#1082,#1083);
#1085=IFCLOCALPLACEMENT(#79,#1084);
#1086=IFCCARTESIANPOINTLIST2D(((0.,0.),(-3.457029862374934E-08,0.1),(2.2815801654012358,0.1),(2.2815801459305174,0.)));
#1087=IFCINDEXEDPOLYCURVE(#1086,(IFCLINEINDEX((1,2,3,4,1))),$);
#1088=IFCARBITRARYCLOSEDPROFILEDEF(.AREA.,$,#1087);
#1089=IFCCARTESIANPOINT((0.,0.,0.));
#1090=IFCDIRECTION((0.,0.,1.));
#1091=IFCDIRECTION((1.,0.,0.));
#1092=IFCAXIS2PLACEMENT3D(#1089,#1090,#1091);
#1093=IFCDIRECTION((0.,0.,1.));
#1094=IFCEXTRUDEDAREASOLID(#1088,#1092,#1093,3.);
#1095=IFCSHAPEREPRESENTATION(#11,'Body','SweptSolid',(#1094));
#1096=IFCCARTESIANPOINTLIST2D(((0.,0.),(2.3815801459305193,0.)));
#1097=IFCINDEXEDPOLYCURVE(#1096,$,$);
#1098=IFCSHAPEREPRESENTATION(#23,'Axis','Curve2D',(#1097));
#1099=IFCRELCONNECTSPATHELEMENTS('1uqWieCAbB0PFW9mKG$HfI',$,$,$,$,#871,#896,(),(),.ATSTART.,.ATEND.);
#1100=IFCCARTESIANPOINTLIST2D(((0.10000000000001708,0.),(0.10000005841217219,0.1),(1.5627707588669768,0.1),(1.4627707004548045,0.)));
#1101=IFCINDEXEDPOLYCURVE(#1100,(IFCLINEINDEX((1,2,3,4,1))),$);
#1102=IFCARBITRARYCLOSEDPROFILEDEF(.AREA.,$,#1101);
#1103=IFCCARTESIANPOINT((0.,0.,0.));
#1104=IFCDIRECTION((0.,0.,1.));
#1105=IFCDIRECTION((1.,0.,0.));
#1106=IFCAXIS2PLACEMENT3D(#1103,#1104,#1105);
#1107=IFCDIRECTION((0.,0.,1.));
#1108=IFCEXTRUDEDAREASOLID(#1102,#1106,#1107,3.);
#1109=IFCSHAPEREPRESENTATION(#11,'Body','SweptSolid',(#1108));
#1110=IFCCARTESIANPOINTLIST2D(((0.,0.),(1.4627707004548045,0.)));
#1111=IFCINDEXEDPOLYCURVE(#1110,$,$);
#1112=IFCSHAPEREPRESENTATION(#23,'Axis','Curve2D',(#1111));
#1113=IFCCARTESIANPOINTLIST2D(((0.,0.),(-0.10000005841217217,0.1),(1.9493099091228692,0.1),(1.9493099285935875,0.)));
#1114=IFCINDEXEDPOLYCURVE(#1113,(IFCLINEINDEX((1,2,3,4,1))),$);
#1115=IFCARBITRARYCLOSEDPROFILEDEF(.AREA.,$,#1114);
#1116=IFCCARTESIANPOINT((0.,0.,0.));
#1117=IFCDIRECTION((0.,0.,1.));
#1118=IFCDIRECTION((1.,0.,0.));
#1119=IFCAXIS2PLACEMENT3D(#1116,#1117,#1118);
#1120=IFCDIRECTION((0.,0.,1.));
#1121=IFCEXTRUDEDAREASOLID(#1115,#1119,#1120,3.);
#1122=IFCSHAPEREPRESENTATION(#11,'Body','SweptSolid',(#1121));
#1123=IFCCARTESIANPOINTLIST2D(((0.,0.),(1.9493099285935875,0.)));
#1124=IFCINDEXEDPOLYCURVE(#1123,$,$);
#1125=IFCSHAPEREPRESENTATION(#23,'Axis','Curve2D',(#1124));
#1127=IFCMATERIALLAYERSET((#1129),$,$);
#1129=IFCMATERIALLAYER(#81,0.1,$,$,$,$,$);
#1132=IFCSLAB('0i$eWOa_L0Mu3iJGYGDwss',$,'Slab',$,$,#1140,#1147,$,$);
#1136=IFCCARTESIANPOINT((4.22660493850708,-2.590106248855591,0.));
#1137=IFCDIRECTION((0.,0.,1.));
#1138=IFCDIRECTION((1.,0.,0.));
#1139=IFCAXIS2PLACEMENT3D(#1136,#1137,#1138);
#1140=IFCLOCALPLACEMENT(#79,#1139);
#1141=IFCCARTESIANPOINTLIST2D(((0.,0.),(4.76837158203125E-07,9.09000015258789),(-3.450000524520874,9.09000015258789),(-3.450000286102295,7.609999656677246),(-7.020000457763672,7.610001564025879),(-7.019999980926514,2.4800002574920654),(-4.,2.4800002574920654),(-3.999999761581421,0.),(0.,0.)));
#1142=IFCINDEXEDPOLYCURVE(#1141,$,$);
#1143=IFCDIRECTION((0.,0.,1.));
#1144=IFCARBITRARYCLOSEDPROFILEDEF(.AREA.,$,#1142);
#1145=IFCEXTRUDEDAREASOLID(#1144,#1154,#1143,0.1);
#1146=IFCSHAPEREPRESENTATION(#11,'Body','SweptSolid',(#1145));
#1147=IFCPRODUCTDEFINITIONSHAPE($,$,(#1146));
#1148=IFCPROPERTYSET('2SanXOwlH1Eu1U658sDWOB',$,'EPset_Parametric',$,(#1150));
#1149=IFCRELDEFINESBYPROPERTIES('3aZLWf3vvAZ8KTd0nFRq6G',$,$,$,(#1132),#1148);
#1150=IFCPROPERTYSINGLEVALUE('Engine',$,IFCLABEL('Bonsai.DumbLayer3'),$);
#1151=IFCCARTESIANPOINT((-0.,-0.,-0.10000000149011612));
#1152=IFCDIRECTION((0.,0.,1.));
#1153=IFCDIRECTION((1.,0.,0.));
#1154=IFCAXIS2PLACEMENT3D(#1151,#1152,#1153);
#1155=IFCDOORTYPE('1UcfmkSmHDiQMzi2g5rAId',$,'Main FF',$,$,(#1156),(#1165,#1243,#1262),$,$,.DOOR.,.SINGLE_SWING_LEFT.,$,$);
#1156=IFCPROPERTYSET('3KJ9kxtMXBihP3bUxJJK_$',$,'BBIM_Door',$,(#1157));
#1157=IFCPROPERTYSINGLEVALUE('Data',$,IFCTEXT('{"door_type": "SINGLE_SWING_LEFT", "overall_height": 2.0, "overall_width": 0.8053467273712158, "lining_properties": {"lining_depth": 0.05000000074505806, "lining_thickness": 0.05000000074505806, "lining_offset": 0.0, "lining_to_panel_offset_x": 0.02500000037252903, "lining_to_panel_offset_y": 0.02500000037252903, "transom_thickness": 0.0, "casing_thickness": 0.07500000298023224, "casing_depth": 0.004999999888241291, "threshold_thickness": 0.02500000037252903, "threshold_depth": 0.10000000149011612, "threshold_offset": 0.0}, "panel_properties": {"panel_depth": 0.03500000014901161, "panel_width_ratio": 1.0}}'),$);
#1161=IFCCARTESIANPOINT((0.,0.,0.));
#1162=IFCDIRECTION((1.,0.,0.));
#1163=IFCDIRECTION((0.,0.,1.));
#1164=IFCAXIS2PLACEMENT3D(#1161,#1163,#1162);
#1165=IFCREPRESENTATIONMAP(#1164,#1330);
#1239=IFCCARTESIANPOINT((0.,0.,0.));
#1240=IFCDIRECTION((1.,0.,0.));
#1241=IFCDIRECTION((0.,0.,1.));
#1242=IFCAXIS2PLACEMENT3D(#1239,#1241,#1240);
#1243=IFCREPRESENTATIONMAP(#1242,#1403);
#1258=IFCCARTESIANPOINT((0.,0.,0.));
#1259=IFCDIRECTION((1.,0.,0.));
#1260=IFCDIRECTION((0.,0.,1.));
#1261=IFCAXIS2PLACEMENT3D(#1258,#1260,#1259);
#1262=IFCREPRESENTATIONMAP(#1261,#1421);
#1263=IFCDOOR('2kyTxouOD2wgEt7TTvizy3',$,'Door',$,$,#1446,#1272,$,2.,0.8053467273712158,$,.SINGLE_SWING_LEFT.,$);
#1264=IFCRELDEFINESBYTYPE('0ExJJOMkP3GfQBjvASfb6$',$,$,$,(#1263,#8865),#1155);
#1265=IFCCARTESIANPOINT((0.,0.,0.));
#1266=IFCDIRECTION((1.,0.,0.));
#1267=IFCDIRECTION((0.,1.,0.));
#1268=IFCDIRECTION((0.,0.,1.));
#1269=IFCCARTESIANTRANSFORMATIONOPERATOR3D(#1266,#1267,#1265,1.,#1268);
#1270=IFCMAPPEDITEM(#1165,#1269);
#1271=IFCSHAPEREPRESENTATION(#18,'Profile','MappedRepresentation',(#1270));
#1272=IFCPRODUCTDEFINITIONSHAPE($,$,(#1271,#1279,#1286));
#1273=IFCCARTESIANPOINT((0.,0.,0.));
#1274=IFCDIRECTION((1.,0.,0.));
#1275=IFCDIRECTION((0.,1.,0.));
#1276=IFCDIRECTION((0.,0.,1.));
#1277=IFCCARTESIANTRANSFORMATIONOPERATOR3D(#1274,#1275,#1273,1.,#1276);
#1278=IFCMAPPEDITEM(#1243,#1277);
#1279=IFCSHAPEREPRESENTATION(#11,'Body','MappedRepresentation',(#1278));
#1280=IFCCARTESIANPOINT((0.,0.,0.));
#1281=IFCDIRECTION((1.,0.,0.));
#1282=IFCDIRECTION((0.,1.,0.));
#1283=IFCDIRECTION((0.,0.,1.));
#1284=IFCCARTESIANTRANSFORMATIONOPERATOR3D(#1281,#1282,#1280,1.,#1283);
#1285=IFCMAPPEDITEM(#1262,#1284);
#1286=IFCSHAPEREPRESENTATION(#24,'Body','MappedRepresentation',(#1285));
#1287=IFCOPENINGELEMENT('0LuXnVY0v2CA4acq0BOWPA',$,'Opening',$,$,#1441,#1315,$,.OPENING.);
#1303=IFCCARTESIANPOINT((0.,0.,0.));
#1304=IFCDIRECTION((1.,0.,0.));
#1305=IFCDIRECTION((0.,0.,1.));
#1306=IFCAXIS2PLACEMENT3D(#1303,#1305,#1304);
#1307=IFCREPRESENTATIONMAP(#1306,#1431);
#1308=IFCCARTESIANPOINT((0.,0.,0.));
#1309=IFCDIRECTION((1.,0.,0.));
#1310=IFCDIRECTION((0.,1.,0.));
#1311=IFCDIRECTION((0.,0.,1.));
#1312=IFCCARTESIANTRANSFORMATIONOPERATOR3D(#1309,#1310,#1308,1.,#1311);
#1313=IFCMAPPEDITEM(#1307,#1312);
#1314=IFCSHAPEREPRESENTATION(#11,'Body','MappedRepresentation',(#1313));
#1315=IFCPRODUCTDEFINITIONSHAPE($,$,(#1314));
#1316=IFCRELVOIDSELEMENT('2eB6GI7aXDowlY1ADIv9L6',$,$,$,#87,#1287);
#1322=IFCRELFILLSELEMENT('0cP8F4E4f0Kw9dPazBp0ad',$,$,$,#1287,#1263);
#1328=IFCCARTESIANPOINTLIST3D(((0.,0.,0.),(0.8053467273712158,0.,0.),(0.8053467273712158,0.,2.),(0.,0.,2.)));
#1329=IFCINDEXEDPOLYCURVE(#1328,(IFCLINEINDEX((1,2,3,4,1))),$);
#1330=IFCSHAPEREPRESENTATION(#18,'Profile','Curve3D',(#1329));
#1331=IFCCARTESIANPOINTLIST2D(((0.,0.),(0.,2.),(0.8053467273712158,2.),(0.8053467273712158,0.),(0.7803467269986868,0.),(0.7803467269986868,1.974999999627471),(0.02500000037252903,1.974999999627471),(0.02500000037252903,0.)));
#1332=IFCINDEXEDPOLYCURVE(#1331,(IFCLINEINDEX((1,2,3,4,5,6,7,8,1))),$);
#1333=IFCARBITRARYCLOSEDPROFILEDEF(.AREA.,$,#1332);
#1334=IFCCARTESIANPOINT((0.,0.02500000037252903,0.));
#1335=IFCDIRECTION((0.,-1.,0.));
#1336=IFCDIRECTION((1.,0.,0.));
#1337=IFCAXIS2PLACEMENT3D(#1334,#1335,#1336);
#1338=IFCDIRECTION((0.,0.,-1.));
#1339=IFCEXTRUDEDAREASOLID(#1333,#1337,#1338,0.02500000037252903);
#1340=IFCCARTESIANPOINTLIST2D(((0.,0.),(0.,2.),(0.8053467273712158,2.),(0.8053467273712158,0.),(0.7553467266261578,0.),(0.7553467266261578,1.949999999254942),(0.05000000074505806,1.949999999254942),(0.05000000074505806,0.)));
#1341=IFCINDEXEDPOLYCURVE(#1340,(IFCLINEINDEX((1,2,3,4,5,6,7,8,1))),$);
#1342=IFCARBITRARYCLOSEDPROFILEDEF(.AREA.,$,#1341);
#1343=IFCCARTESIANPOINT((0.,0.,0.));
#1344=IFCDIRECTION((0.,-1.,0.));
#1345=IFCDIRECTION((1.,0.,0.));
#1346=IFCAXIS2PLACEMENT3D(#1343,#1344,#1345);
#1347=IFCDIRECTION((0.,0.,-1.));
#1348=IFCEXTRUDEDAREASOLID(#1342,#1346,#1347,0.02500000037252903);
#1349=IFCCARTESIANPOINTLIST2D(((0.,0.),(0.7053467258810997,0.),(0.7053467258810997,0.10000000149011612),(0.,0.10000000149011612)));
#1350=IFCINDEXEDPOLYCURVE(#1349,(IFCLINEINDEX((1,2,3,4,1))),$);
#1351=IFCARBITRARYCLOSEDPROFILEDEF(.AREA.,$,#1350);
#1352=IFCCARTESIANPOINT((0.05000000074505806,0.,0.));
#1353=IFCDIRECTION((0.,0.,1.));
#1354=IFCDIRECTION((1.,0.,0.));
#1355=IFCAXIS2PLACEMENT3D(#1352,#1353,#1354);
#1356=IFCDIRECTION((0.,0.,1.));
#1357=IFCEXTRUDEDAREASOLID(#1351,#1355,#1356,0.02500000037252903);
#1358=IFCCARTESIANPOINTLIST2D(((0.,0.),(0.,2.025000002235174),(0.8553467318415642,2.025000002235174),(0.8553467318415642,0.),(0.7803467288613319,0.),(0.7803467288613319,1.949999999254942),(0.07500000298023224,1.949999999254942),(0.07500000298023224,0.)));
#1359=IFCINDEXEDPOLYCURVE(#1358,(IFCLINEINDEX((1,2,3,4,5,6,7,8,1))),$);
#1360=IFCARBITRARYCLOSEDPROFILEDEF(.AREA.,$,#1359);
#1361=IFCCARTESIANPOINT((-0.02500000223517418,-0.004999999888241291,0.));
#1362=IFCDIRECTION((0.,-1.,0.));
#1363=IFCDIRECTION((1.,0.,0.));
#1364=IFCAXIS2PLACEMENT3D(#1361,#1362,#1363);
#1365=IFCDIRECTION((0.,0.,-1.));
#1366=IFCEXTRUDEDAREASOLID(#1360,#1364,#1365,0.004999999888241291);
#1367=IFCCARTESIANPOINTLIST2D(((0.,0.),(0.,2.025000002235174),(0.8553467318415642,2.025000002235174),(0.8553467318415642,0.),(0.805346729233861,0.),(0.805346729233861,1.974999999627471),(0.05000000260770321,1.974999999627471),(0.05000000260770321,0.)));
#1368=IFCINDEXEDPOLYCURVE(#1367,(IFCLINEINDEX((1,2,3,4,5,6,7,8,1))),$);
#1369=IFCARBITRARYCLOSEDPROFILEDEF(.AREA.,$,#1368);
#1370=IFCCARTESIANPOINT((-0.02500000223517418,0.05000000074505806,0.));
#1371=IFCDIRECTION((0.,-1.,0.));
#1372=IFCDIRECTION((1.,0.,0.));
#1373=IFCAXIS2PLACEMENT3D(#1370,#1371,#1372);
#1374=IFCDIRECTION((0.,0.,-1.));
#1375=IFCEXTRUDEDAREASOLID(#1369,#1373,#1374,0.004999999888241291);
#1376=IFCCARTESIANPOINTLIST2D(((0.,0.),(0.7553467266261578,0.),(0.7553467266261578,0.03500000014901161),(0.,0.03500000014901161)));
#1377=IFCINDEXEDPOLYCURVE(#1376,(IFCLINEINDEX((1,2,3,4,1))),$);
#1378=IFCARBITRARYCLOSEDPROFILEDEF(.AREA.,$,#1377);
#1379=IFCCARTESIANPOINT((0.02500000037252903,0.02500000037252903,0.02500000037252903));
#1380=IFCDIRECTION((0.,0.,1.));
#1381=IFCDIRECTION((1.,0.,0.));
#1382=IFCAXIS2PLACEMENT3D(#1379,#1380,#1381);
#1383=IFCDIRECTION((0.,0.,1.));
#1384=IFCEXTRUDEDAREASOLID(#1378,#1382,#1383,1.949999999254942);
#1385=IFCCARTESIANPOINTLIST2D(((0.,0.),(0.,-0.04),(-0.11999999999999988,-0.04),(-0.11999999999999988,-0.02),(-0.020000000000000018,-0.02),(-0.020000000000000018,0.)));
#1386=IFCINDEXEDPOLYCURVE(#1385,(IFCLINEINDEX((1,2,3,4,5,6,1))),$);
#1387=IFCARBITRARYCLOSEDPROFILEDEF(.AREA.,$,#1386);
#1388=IFCCARTESIANPOINT((0.7303467269986867,0.02500000037252903,1.015000000372529));
#1389=IFCDIRECTION((0.,0.,1.));
#1390=IFCDIRECTION((1.,0.,0.));
#1391=IFCAXIS2PLACEMENT3D(#1388,#1389,#1390);
#1392=IFCDIRECTION((0.,0.,1.));
#1393=IFCEXTRUDEDAREASOLID(#1387,#1391,#1392,0.02);
#1394=IFCEXTRUDEDAREASOLID(#1395,#1398,#1402,0.02);
#1395=IFCARBITRARYCLOSEDPROFILEDEF(.AREA.,$,#1396);
#1396=IFCINDEXEDPOLYCURVE(#1397,(IFCLINEINDEX((1,2,3,4,5,6,1))),$);
#1397=IFCCARTESIANPOINTLIST2D(((0.,0.),(0.,0.04000000000000001),(-0.11999999999999988,0.04000000000000001),(-0.11999999999999988,0.020000000000000004),(-0.020000000000000018,0.020000000000000004),(-0.020000000000000018,0.)));
#1398=IFCAXIS2PLACEMENT3D(#1399,#1400,#1401);
#1399=IFCCARTESIANPOINT((0.7303467269986867,0.06000000052154064,1.015000000372529));
#1400=IFCDIRECTION((0.,0.,1.));
#1401=IFCDIRECTION((1.,0.,0.));
#1402=IFCDIRECTION((0.,0.,1.));
#1403=IFCSHAPEREPRESENTATION(#11,'Body','SweptSolid',(#1339,#1348,#1384,#1393,#1394,#1357,#1366,#1375));
#1404=IFCSHAPEREPRESENTATION(#11,'Body','SweptSolid',(#1339,#1348,#1357,#1366,#1375));
#1405=IFCSHAPEASPECT((#1404),'Lining',$,.T.,#1272);
#1406=IFCSHAPEREPRESENTATION(#11,'Body','SweptSolid',(#1384,#1393,#1394));
#1407=IFCSHAPEASPECT((#1406),'Framing',$,.T.,#1272);
#1408=IFCCARTESIANPOINTLIST2D(((0.,0.),(0.,0.05000000074505806),(0.02500000037252903,0.05000000074505806),(0.02500000037252903,0.02500000037252903),(0.05000000074505806,0.02500000037252903),(0.05000000074505806,0.)));
#1409=IFCINDEXEDPOLYCURVE(#1408,(IFCLINEINDEX((1,2,3,4,5,6,1))),$);
#1410=IFCINDEXEDPOLYCURVE(#1411,(IFCLINEINDEX((1,2,3,4,5,6,1))),$);
#1411=IFCCARTESIANPOINTLIST2D(((0.8053467273712158,0.),(0.8053467273712158,0.05000000074505806),(0.7803467269986868,0.05000000074505806),(0.7803467269986868,0.02500000037252903),(0.7553467266261578,0.02500000037252903),(0.7553467266261578,0.)));
#1412=IFCDIRECTION((1.,0.));
#1413=IFCCARTESIANPOINT((0.06000000052154064,0.05000000074505806));
#1414=IFCAXIS2PLACEMENT2D(#1413,#1412);
#1415=IFCELLIPSE(#1414,0.7203467264771461,0.7553467266261578);
#1416=IFCCARTESIANPOINT((0.7803467269986868,0.05000000074505806));
#1417=IFCCARTESIANPOINT((0.06000000052154064,0.8053467273712158));
#1418=IFCTRIMMEDCURVE(#1415,(#1416),(#1417),.T.,.CARTESIAN.);
#1419=IFCCARTESIANPOINTLIST2D(((0.02500000037252903,0.05000000074505806),(0.06000000052154064,0.05000000074505806),(0.06000000052154064,0.8053467273712158),(0.02500000037252903,0.8053467273712158)));
#1420=IFCINDEXEDPOLYCURVE(#1419,(IFCLINEINDEX((1,2,3,4,1))),$);
#1421=IFCSHAPEREPRESENTATION(#24,'Body','Curve2D',(#1409,#1410,#1418,#1420));
#1422=IFCCARTESIANPOINTLIST2D(((0.,0.),(0.8053467273712158,0.),(0.8053467273712158,2.),(0.,2.)));
#1423=IFCINDEXEDPOLYCURVE(#1422,(IFCLINEINDEX((1,2,3,4,1))),$);
#1424=IFCARBITRARYCLOSEDPROFILEDEF(.AREA.,$,#1423);
#1425=IFCCARTESIANPOINT((0.,-0.6000000238418579,0.));
#1426=IFCDIRECTION((0.,-1.,0.));
#1427=IFCDIRECTION((1.,0.,0.));
#1428=IFCAXIS2PLACEMENT3D(#1425,#1426,#1427);
#1429=IFCDIRECTION((0.,0.,-1.));
#1430=IFCEXTRUDEDAREASOLID(#1424,#1428,#1429,1.2);
#1431=IFCSHAPEREPRESENTATION(#11,'Body','SweptSolid',(#1430));
#1437=IFCCARTESIANPOINT((0.3517619883251656,0.015000104904174805,0.));
#1438=IFCDIRECTION((0.,0.,1.));
#1439=IFCDIRECTION((0.9999999999999716,-2.3841857910155572E-07,0.));
#1440=IFCAXIS2PLACEMENT3D(#1437,#1438,#1439);
#1441=IFCLOCALPLACEMENT(#625,#1440);
#1442=IFCCARTESIANPOINT((0.,-4.440892098500626E-16,0.));
#1443=IFCDIRECTION((0.,0.,1.));
#1444=IFCDIRECTION((1.,2.6469779601696886E-23,0.));
#1445=IFCAXIS2PLACEMENT3D(#1442,#1443,#1444);
#1446=IFCLOCALPLACEMENT(#1441,#1445);
#1447=IFCDOORTYPE('2unb0o5ovBw8a3ofBVF_Jx',$,'Guest FF',$,$,(#1448),(#1450,#1458,#1536),$,$,.DOOR.,.SINGLE_SWING_LEFT.,$,$);
#1448=IFCPROPERTYSET('1EejwGLdr3WBFCOEzkrN$a',$,'BBIM_Door',$,(#1449));
#1449=IFCPROPERTYSINGLEVALUE('Data',$,IFCTEXT('{"door_type": "SINGLE_SWING_RIGHT", "overall_height": 2.0, "overall_width": 0.87245774269104, "lining_properties": {"lining_depth": 0.05000000074505806, "lining_thickness": 0.05000000074505806, "lining_offset": 0.0, "lining_to_panel_offset_x": 0.02500000037252903, "lining_to_panel_offset_y": 0.02500000037252903, "transom_thickness": 0.0, "casing_thickness": 0.07500000298023224, "casing_depth": 0.004999999888241291, "threshold_thickness": 0.02500000037252903, "threshold_depth": 0.10000000149011612, "threshold_offset": 0.0}, "panel_properties": {"panel_depth": 0.03500000014901161, "panel_width_ratio": 1.0}}'),$);
#1450=IFCREPRESENTATIONMAP(#1451,#1622);
#1451=IFCAXIS2PLACEMENT3D(#1452,#1453,#1454);
#1452=IFCCARTESIANPOINT((0.,0.,0.));
#1453=IFCDIRECTION((0.,0.,1.));
#1454=IFCDIRECTION((1.,0.,0.));
#1458=IFCREPRESENTATIONMAP(#1459,#1695);
#1459=IFCAXIS2PLACEMENT3D(#1460,#1461,#1462);
#1460=IFCCARTESIANPOINT((0.,0.,0.));
#1461=IFCDIRECTION((0.,0.,1.));
#1462=IFCDIRECTION((1.,0.,0.));
#1536=IFCREPRESENTATIONMAP(#1537,#1713);
#1537=IFCAXIS2PLACEMENT3D(#1538,#1539,#1540);
#1538=IFCCARTESIANPOINT((0.,0.,0.));
#1539=IFCDIRECTION((0.,0.,1.));
#1540=IFCDIRECTION((1.,0.,0.));
#1555=IFCDOOR('3mMlyIUhz3Cxw_ZoG24oUU',$,'Door',$,$,#1738,#1564,$,2.,0.87245774269104,$,.SINGLE_SWING_RIGHT.,$);
#1556=IFCRELDEFINESBYTYPE('3WZwcs9NnErQ_eWzd93aLw',$,$,$,(#8788,#8739,#1555,#9163),#1447);
#1557=IFCCARTESIANPOINT((0.,0.,0.));
#1558=IFCDIRECTION((1.,0.,0.));
#1559=IFCDIRECTION((0.,1.,0.));
#1560=IFCDIRECTION((0.,0.,1.));
#1561=IFCCARTESIANTRANSFORMATIONOPERATOR3D(#1558,#1559,#1557,1.,#1560);
#1562=IFCMAPPEDITEM(#1450,#1561);
#1563=IFCSHAPEREPRESENTATION(#18,'Profile','MappedRepresentation',(#1562));
#1564=IFCPRODUCTDEFINITIONSHAPE($,$,(#1563,#1571,#1578));
#1565=IFCCARTESIANPOINT((0.,0.,0.));
#1566=IFCDIRECTION((1.,0.,0.));
#1567=IFCDIRECTION((0.,1.,0.));
#1568=IFCDIRECTION((0.,0.,1.));
#1569=IFCCARTESIANTRANSFORMATIONOPERATOR3D(#1566,#1567,#1565,1.,#1568);
#1570=IFCMAPPEDITEM(#1458,#1569);
#1571=IFCSHAPEREPRESENTATION(#11,'Body','MappedRepresentation',(#1570));
#1572=IFCCARTESIANPOINT((0.,0.,0.));
#1573=IFCDIRECTION((1.,0.,0.));
#1574=IFCDIRECTION((0.,1.,0.));
#1575=IFCDIRECTION((0.,0.,1.));
#1576=IFCCARTESIANTRANSFORMATIONOPERATOR3D(#1573,#1574,#1572,1.,#1575);
#1577=IFCMAPPEDITEM(#1536,#1576);
#1578=IFCSHAPEREPRESENTATION(#24,'Body','MappedRepresentation',(#1577));
#1579=IFCOPENINGELEMENT('2ooNS7hfPDaeSuHXXB_f3c',$,'Opening',$,$,#1733,#1607,$,.OPENING.);
#1595=IFCCARTESIANPOINT((0.,0.,0.));
#1596=IFCDIRECTION((1.,0.,0.));
#1597=IFCDIRECTION((0.,0.,1.));
#1598=IFCAXIS2PLACEMENT3D(#1595,#1597,#1596);
#1599=IFCREPRESENTATIONMAP(#1598,#1723);
#1600=IFCCARTESIANPOINT((0.,0.,0.));
#1601=IFCDIRECTION((1.,0.,0.));
#1602=IFCDIRECTION((0.,1.,0.));
#1603=IFCDIRECTION((0.,0.,1.));
#1604=IFCCARTESIANTRANSFORMATIONOPERATOR3D(#1601,#1602,#1600,1.,#1603);
#1605=IFCMAPPEDITEM(#1599,#1604);
#1606=IFCSHAPEREPRESENTATION(#11,'Body','MappedRepresentation',(#1605));
#1607=IFCPRODUCTDEFINITIONSHAPE($,$,(#1606));
#1608=IFCRELVOIDSELEMENT('0x8QJicFz2XvuyndVV9SL2',$,$,$,#639,#1579);
#1614=IFCRELFILLSELEMENT('3dsXQ4aPn8G94i5RkOE9LO',$,$,$,#1579,#1555);
#1620=IFCCARTESIANPOINTLIST3D(((0.,0.,0.),(0.87245774269104,0.,0.),(0.87245774269104,0.,2.),(0.,0.,2.)));
#1621=IFCINDEXEDPOLYCURVE(#1620,(IFCLINEINDEX((1,2,3,4,1))),$);
#1622=IFCSHAPEREPRESENTATION(#18,'Profile','Curve3D',(#1621));
#1623=IFCCARTESIANPOINTLIST2D(((0.,0.),(0.,2.),(0.87245774269104,2.),(0.87245774269104,0.),(0.847457742318511,0.),(0.847457742318511,1.974999999627471),(0.02500000037252903,1.974999999627471),(0.02500000037252903,0.)));
#1624=IFCINDEXEDPOLYCURVE(#1623,(IFCLINEINDEX((1,2,3,4,5,6,7,8,1))),$);
#1625=IFCARBITRARYCLOSEDPROFILEDEF(.AREA.,$,#1624);
#1626=IFCCARTESIANPOINT((0.,0.02500000037252903,0.));
#1627=IFCDIRECTION((0.,-1.,0.));
#1628=IFCDIRECTION((1.,0.,0.));
#1629=IFCAXIS2PLACEMENT3D(#1626,#1627,#1628);
#1630=IFCDIRECTION((0.,0.,-1.));
#1631=IFCEXTRUDEDAREASOLID(#1625,#1629,#1630,0.02500000037252903);
#1632=IFCCARTESIANPOINTLIST2D(((0.,0.),(0.,2.),(0.87245774269104,2.),(0.87245774269104,0.),(0.822457741945982,0.),(0.822457741945982,1.949999999254942),(0.05000000074505806,1.949999999254942),(0.05000000074505806,0.)));
#1633=IFCINDEXEDPOLYCURVE(#1632,(IFCLINEINDEX((1,2,3,4,5,6,7,8,1))),$);
#1634=IFCARBITRARYCLOSEDPROFILEDEF(.AREA.,$,#1633);
#1635=IFCCARTESIANPOINT((0.,0.,0.));
#1636=IFCDIRECTION((0.,-1.,0.));
#1637=IFCDIRECTION((1.,0.,0.));
#1638=IFCAXIS2PLACEMENT3D(#1635,#1636,#1637);
#1639=IFCDIRECTION((0.,0.,-1.));
#1640=IFCEXTRUDEDAREASOLID(#1634,#1638,#1639,0.02500000037252903);
#1641=IFCCARTESIANPOINTLIST2D(((0.,0.),(0.7724577412009239,0.),(0.7724577412009239,0.10000000149011612),(0.,0.10000000149011612)));
#1642=IFCINDEXEDPOLYCURVE(#1641,(IFCLINEINDEX((1,2,3,4,1))),$);
#1643=IFCARBITRARYCLOSEDPROFILEDEF(.AREA.,$,#1642);
#1644=IFCCARTESIANPOINT((0.05000000074505806,0.,0.));
#1645=IFCDIRECTION((0.,0.,1.));
#1646=IFCDIRECTION((1.,0.,0.));
#1647=IFCAXIS2PLACEMENT3D(#1644,#1645,#1646);
#1648=IFCDIRECTION((0.,0.,1.));
#1649=IFCEXTRUDEDAREASOLID(#1643,#1647,#1648,0.02500000037252903);
#1650=IFCCARTESIANPOINTLIST2D(((0.,0.),(0.,2.025000002235174),(0.9224577471613884,2.025000002235174),(0.9224577471613884,0.),(0.8474577441811562,0.),(0.8474577441811562,1.949999999254942),(0.07500000298023224,1.949999999254942),(0.07500000298023224,0.)));
#1651=IFCINDEXEDPOLYCURVE(#1650,(IFCLINEINDEX((1,2,3,4,5,6,7,8,1))),$);
#1652=IFCARBITRARYCLOSEDPROFILEDEF(.AREA.,$,#1651);
#1653=IFCCARTESIANPOINT((-0.02500000223517418,-0.004999999888241291,0.));
#1654=IFCDIRECTION((0.,-1.,0.));
#1655=IFCDIRECTION((1.,0.,0.));
#1656=IFCAXIS2PLACEMENT3D(#1653,#1654,#1655);
#1657=IFCDIRECTION((0.,0.,-1.));
#1658=IFCEXTRUDEDAREASOLID(#1652,#1656,#1657,0.004999999888241291);
#1659=IFCCARTESIANPOINTLIST2D(((0.,0.),(0.,2.025000002235174),(0.9224577471613884,2.025000002235174),(0.9224577471613884,0.),(0.8724577445536852,0.),(0.8724577445536852,1.974999999627471),(0.05000000260770321,1.974999999627471),(0.05000000260770321,0.)));
#1660=IFCINDEXEDPOLYCURVE(#1659,(IFCLINEINDEX((1,2,3,4,5,6,7,8,1))),$);
#1661=IFCARBITRARYCLOSEDPROFILEDEF(.AREA.,$,#1660);
#1662=IFCCARTESIANPOINT((-0.02500000223517418,0.05000000074505806,0.));
#1663=IFCDIRECTION((0.,-1.,0.));
#1664=IFCDIRECTION((1.,0.,0.));
#1665=IFCAXIS2PLACEMENT3D(#1662,#1663,#1664);
#1666=IFCDIRECTION((0.,0.,-1.));
#1667=IFCEXTRUDEDAREASOLID(#1661,#1665,#1666,0.004999999888241291);
#1668=IFCCARTESIANPOINTLIST2D(((0.,0.),(0.822457741945982,0.),(0.822457741945982,0.03500000014901161),(0.,0.03500000014901161)));
#1669=IFCINDEXEDPOLYCURVE(#1668,(IFCLINEINDEX((1,2,3,4,1))),$);
#1670=IFCARBITRARYCLOSEDPROFILEDEF(.AREA.,$,#1669);
#1671=IFCCARTESIANPOINT((0.02500000037252903,0.02500000037252903,0.02500000037252903));
#1672=IFCDIRECTION((0.,0.,1.));
#1673=IFCDIRECTION((1.,0.,0.));
#1674=IFCAXIS2PLACEMENT3D(#1671,#1672,#1673);
#1675=IFCDIRECTION((0.,0.,1.));
#1676=IFCEXTRUDEDAREASOLID(#1670,#1674,#1675,1.949999999254942);
#1677=IFCCARTESIANPOINTLIST2D(((0.,0.),(0.,-0.04),(0.12,-0.04),(0.12,-0.02),(0.02,-0.02),(0.02,0.)));
#1678=IFCINDEXEDPOLYCURVE(#1677,(IFCLINEINDEX((1,2,3,4,5,6,1))),$);
#1679=IFCARBITRARYCLOSEDPROFILEDEF(.AREA.,$,#1678);
#1680=IFCCARTESIANPOINT((0.07500000037252903,0.02500000037252903,1.015000000372529));
#1681=IFCDIRECTION((0.,0.,1.));
#1682=IFCDIRECTION((1.,0.,0.));
#1683=IFCAXIS2PLACEMENT3D(#1680,#1681,#1682);
#1684=IFCDIRECTION((0.,0.,1.));
#1685=IFCEXTRUDEDAREASOLID(#1679,#1683,#1684,0.02);
#1686=IFCEXTRUDEDAREASOLID(#1687,#1690,#1694,0.02);
#1687=IFCARBITRARYCLOSEDPROFILEDEF(.AREA.,$,#1688);
#1688=IFCINDEXEDPOLYCURVE(#1689,(IFCLINEINDEX((1,2,3,4,5,6,1))),$);
#1689=IFCCARTESIANPOINTLIST2D(((0.,0.),(0.,0.04000000000000001),(0.11999999999999998,0.04000000000000001),(0.11999999999999998,0.020000000000000004),(0.020000000000000004,0.020000000000000004),(0.020000000000000004,0.)));
#1690=IFCAXIS2PLACEMENT3D(#1691,#1692,#1693);
#1691=IFCCARTESIANPOINT((0.07500000037252903,0.06000000052154064,1.015000000372529));
#1692=IFCDIRECTION((0.,0.,1.));
#1693=IFCDIRECTION((1.,0.,0.));
#1694=IFCDIRECTION((0.,0.,1.));
#1695=IFCSHAPEREPRESENTATION(#11,'Body','SweptSolid',(#1631,#1640,#1676,#1685,#1686,#1649,#1658,#1667));
#1696=IFCSHAPEREPRESENTATION(#11,'Body','SweptSolid',(#1631,#1640,#1649,#1658,#1667));
#1697=IFCSHAPEASPECT((#1696),'Lining',$,.T.,#1564);
#1698=IFCSHAPEREPRESENTATION(#11,'Body','SweptSolid',(#1676,#1685,#1686));
#1699=IFCSHAPEASPECT((#1698),'Framing',$,.T.,#1564);
#1700=IFCCARTESIANPOINTLIST2D(((0.,0.),(0.,0.05000000074505806),(0.02500000037252903,0.05000000074505806),(0.02500000037252903,0.02500000037252903),(0.05000000074505806,0.02500000037252903),(0.05000000074505806,0.)));
#1701=IFCINDEXEDPOLYCURVE(#1700,(IFCLINEINDEX((1,2,3,4,5,6,1))),$);
#1702=IFCINDEXEDPOLYCURVE(#1703,(IFCLINEINDEX((1,2,3,4,5,6,1))),$);
#1703=IFCCARTESIANPOINTLIST2D(((0.87245774269104,0.),(0.87245774269104,0.05000000074505806),(0.847457742318511,0.05000000074505806),(0.847457742318511,0.02500000037252903),(0.822457741945982,0.02500000037252903),(0.822457741945982,0.)));
#1704=IFCDIRECTION((1.,0.));
#1705=IFCCARTESIANPOINT((0.8124577421694994,0.05000000074505806));
#1706=IFCAXIS2PLACEMENT2D(#1705,#1704);
#1707=IFCELLIPSE(#1706,0.7874577417969704,0.822457741945982);
#1708=IFCCARTESIANPOINT((0.8124577421694994,0.87245774269104));
#1709=IFCCARTESIANPOINT((0.02500000037252903,0.05000000074505806));
#1710=IFCTRIMMEDCURVE(#1707,(#1708),(#1709),.T.,.CARTESIAN.);
#1711=IFCCARTESIANPOINTLIST2D(((0.847457742318511,0.05000000074505806),(0.8124577421694994,0.05000000074505806),(0.8124577421694994,0.87245774269104),(0.847457742318511,0.87245774269104)));
#1712=IFCINDEXEDPOLYCURVE(#1711,(IFCLINEINDEX((1,2,3,4,1))),$);
#1713=IFCSHAPEREPRESENTATION(#24,'Body','Curve2D',(#1701,#1702,#1710,#1712));
#1714=IFCCARTESIANPOINTLIST2D(((0.,0.),(0.87245774269104,0.),(0.87245774269104,2.),(0.,2.)));
#1715=IFCINDEXEDPOLYCURVE(#1714,(IFCLINEINDEX((1,2,3,4,1))),$);
#1716=IFCARBITRARYCLOSEDPROFILEDEF(.AREA.,$,#1715);
#1717=IFCCARTESIANPOINT((0.,-0.6000000238418579,0.));
#1718=IFCDIRECTION((0.,-1.,0.));
#1719=IFCDIRECTION((1.,0.,0.));
#1720=IFCAXIS2PLACEMENT3D(#1717,#1718,#1719);
#1721=IFCDIRECTION((0.,0.,-1.));
#1722=IFCEXTRUDEDAREASOLID(#1716,#1720,#1721,1.2);
#1723=IFCSHAPEREPRESENTATION(#11,'Body','SweptSolid',(#1722));
#1729=IFCCARTESIANPOINT((1.5678720109015958,0.014999984856642001,0.));
#1730=IFCDIRECTION((0.,0.,1.));
#1731=IFCDIRECTION((0.9999999999999715,-2.384185719961227E-07,0.));
#1732=IFCAXIS2PLACEMENT3D(#1729,#1730,#1731);
#1733=IFCLOCALPLACEMENT(#650,#1732);
#1734=IFCCARTESIANPOINT((-2.220446049250313E-16,0.,0.));
#1735=IFCDIRECTION((0.,0.,1.));
#1736=IFCDIRECTION((1.,0.,0.));
#1737=IFCAXIS2PLACEMENT3D(#1734,#1735,#1736);
#1738=IFCLOCALPLACEMENT(#1733,#1737);
#1739=IFCDOORTYPE('1ozDMfqS93TPcNgKIadBav',$,'Bathroom FF',$,$,(#1740),(#1742,#1750,#1828),$,$,.DOOR.,.SINGLE_SWING_LEFT.,$,$);
#1740=IFCPROPERTYSET('1FGPxWCAz3Iha6z3xboyEN',$,'BBIM_Door',$,(#1741));
#1741=IFCPROPERTYSINGLEVALUE('Data',$,IFCTEXT('{"door_type": "SINGLE_SWING_LEFT", "overall_height": 2.0, "overall_width": 0.7308471202850342, "lining_properties": {"lining_depth": 0.05000000074505806, "lining_thickness": 0.05000000074505806, "lining_offset": 0.0, "lining_to_panel_offset_x": 0.02500000037252903, "lining_to_panel_offset_y": 0.02500000037252903, "transom_thickness": 0.0, "casing_thickness": 0.07500000298023224, "casing_depth": 0.004999999888241291, "threshold_thickness": 0.02500000037252903, "threshold_depth": 0.10000000149011612, "threshold_offset": 0.0}, "panel_properties": {"panel_depth": 0.03500000014901161, "panel_width_ratio": 1.0}}'),$);
#1742=IFCREPRESENTATIONMAP(#1743,#1914);
#1743=IFCAXIS2PLACEMENT3D(#1744,#1745,#1746);
#1744=IFCCARTESIANPOINT((0.,0.,0.));
#1745=IFCDIRECTION((0.,0.,1.));
#1746=IFCDIRECTION((1.,0.,0.));
#1750=IFCREPRESENTATIONMAP(#1751,#1987);
#1751=IFCAXIS2PLACEMENT3D(#1752,#1753,#1754);
#1752=IFCCARTESIANPOINT((0.,0.,0.));
#1753=IFCDIRECTION((0.,0.,1.));
#1754=IFCDIRECTION((1.,0.,0.));
#1828=IFCREPRESENTATIONMAP(#1829,#2005);
#1829=IFCAXIS2PLACEMENT3D(#1830,#1831,#1832);
#1830=IFCCARTESIANPOINT((0.,0.,0.));
#1831=IFCDIRECTION((0.,0.,1.));
#1832=IFCDIRECTION((1.,0.,0.));
#1847=IFCDOOR('13i2Px591EpAtf5Gcls2Jn',$,'Door',$,$,#2030,#1856,$,2.,0.7308471202850342,$,.SINGLE_SWING_LEFT.,$);
#1848=IFCRELDEFINESBYTYPE('36qlb9eXXCnONUO0zXnI5t',$,$,$,(#1847),#1739);
#1849=IFCCARTESIANPOINT((0.,0.,0.));
#1850=IFCDIRECTION((1.,0.,0.));
#1851=IFCDIRECTION((0.,1.,0.));
#1852=IFCDIRECTION((0.,0.,1.));
#1853=IFCCARTESIANTRANSFORMATIONOPERATOR3D(#1850,#1851,#1849,1.,#1852);
#1854=IFCMAPPEDITEM(#1742,#1853);
#1855=IFCSHAPEREPRESENTATION(#18,'Profile','MappedRepresentation',(#1854));
#1856=IFCPRODUCTDEFINITIONSHAPE($,$,(#1855,#1863,#1870));
#1857=IFCCARTESIANPOINT((0.,0.,0.));
#1858=IFCDIRECTION((1.,0.,0.));
#1859=IFCDIRECTION((0.,1.,0.));
#1860=IFCDIRECTION((0.,0.,1.));
#1861=IFCCARTESIANTRANSFORMATIONOPERATOR3D(#1858,#1859,#1857,1.,#1860);
#1862=IFCMAPPEDITEM(#1750,#1861);
#1863=IFCSHAPEREPRESENTATION(#11,'Body','MappedRepresentation',(#1862));
#1864=IFCCARTESIANPOINT((0.,0.,0.));
#1865=IFCDIRECTION((1.,0.,0.));
#1866=IFCDIRECTION((0.,1.,0.));
#1867=IFCDIRECTION((0.,0.,1.));
#1868=IFCCARTESIANTRANSFORMATIONOPERATOR3D(#1865,#1866,#1864,1.,#1867);
#1869=IFCMAPPEDITEM(#1828,#1868);
#1870=IFCSHAPEREPRESENTATION(#24,'Body','MappedRepresentation',(#1869));
#1871=IFCOPENINGELEMENT('0r5XaXnGP7Zx$gACej_8Sl',$,'Opening',$,$,#2025,#1899,$,.OPENING.);
#1887=IFCCARTESIANPOINT((0.,0.,0.));
#1888=IFCDIRECTION((1.,0.,0.));
#1889=IFCDIRECTION((0.,0.,1.));
#1890=IFCAXIS2PLACEMENT3D(#1887,#1889,#1888);
#1891=IFCREPRESENTATIONMAP(#1890,#2015);
#1892=IFCCARTESIANPOINT((0.,0.,0.));
#1893=IFCDIRECTION((1.,0.,0.));
#1894=IFCDIRECTION((0.,1.,0.));
#1895=IFCDIRECTION((0.,0.,1.));
#1896=IFCCARTESIANTRANSFORMATIONOPERATOR3D(#1893,#1894,#1892,1.,#1895);
#1897=IFCMAPPEDITEM(#1891,#1896);
#1898=IFCSHAPEREPRESENTATION(#11,'Body','MappedRepresentation',(#1897));
#1899=IFCPRODUCTDEFINITIONSHAPE($,$,(#1898));
#1900=IFCRELVOIDSELEMENT('3drjlR5cfBux6yBdgWTWyT',$,$,$,#769,#1871);
#1906=IFCRELFILLSELEMENT('1mMbPPaib1dAEwPjh7rbfR',$,$,$,#1871,#1847);
#1912=IFCCARTESIANPOINTLIST3D(((0.,0.,0.),(0.7308471202850342,0.,0.),(0.7308471202850342,0.,2.),(0.,0.,2.)));
#1913=IFCINDEXEDPOLYCURVE(#1912,(IFCLINEINDEX((1,2,3,4,1))),$);
#1914=IFCSHAPEREPRESENTATION(#18,'Profile','Curve3D',(#1913));
#1915=IFCCARTESIANPOINTLIST2D(((0.,0.),(0.,2.),(0.7308471202850342,2.),(0.7308471202850342,0.),(0.7058471199125051,0.),(0.7058471199125051,1.974999999627471),(0.02500000037252903,1.974999999627471),(0.02500000037252903,0.)));
#1916=IFCINDEXEDPOLYCURVE(#1915,(IFCLINEINDEX((1,2,3,4,5,6,7,8,1))),$);
#1917=IFCARBITRARYCLOSEDPROFILEDEF(.AREA.,$,#1916);
#1918=IFCCARTESIANPOINT((0.,0.02500000037252903,0.));
#1919=IFCDIRECTION((0.,-1.,0.));
#1920=IFCDIRECTION((1.,0.,0.));
#1921=IFCAXIS2PLACEMENT3D(#1918,#1919,#1920);
#1922=IFCDIRECTION((0.,0.,-1.));
#1923=IFCEXTRUDEDAREASOLID(#1917,#1921,#1922,0.02500000037252903);
#1924=IFCCARTESIANPOINTLIST2D(((0.,0.),(0.,2.),(0.7308471202850342,2.),(0.7308471202850342,0.),(0.6808471195399761,0.),(0.6808471195399761,1.949999999254942),(0.05000000074505806,1.949999999254942),(0.05000000074505806,0.)));
#1925=IFCINDEXEDPOLYCURVE(#1924,(IFCLINEINDEX((1,2,3,4,5,6,7,8,1))),$);
#1926=IFCARBITRARYCLOSEDPROFILEDEF(.AREA.,$,#1925);
#1927=IFCCARTESIANPOINT((0.,0.,0.));
#1928=IFCDIRECTION((0.,-1.,0.));
#1929=IFCDIRECTION((1.,0.,0.));
#1930=IFCAXIS2PLACEMENT3D(#1927,#1928,#1929);
#1931=IFCDIRECTION((0.,0.,-1.));
#1932=IFCEXTRUDEDAREASOLID(#1926,#1930,#1931,0.02500000037252903);
#1933=IFCCARTESIANPOINTLIST2D(((0.,0.),(0.6308471187949181,0.),(0.6308471187949181,0.10000000149011612),(0.,0.10000000149011612)));
#1934=IFCINDEXEDPOLYCURVE(#1933,(IFCLINEINDEX((1,2,3,4,1))),$);
#1935=IFCARBITRARYCLOSEDPROFILEDEF(.AREA.,$,#1934);
#1936=IFCCARTESIANPOINT((0.05000000074505806,0.,0.));
#1937=IFCDIRECTION((0.,0.,1.));
#1938=IFCDIRECTION((1.,0.,0.));
#1939=IFCAXIS2PLACEMENT3D(#1936,#1937,#1938);
#1940=IFCDIRECTION((0.,0.,1.));
#1941=IFCEXTRUDEDAREASOLID(#1935,#1939,#1940,0.02500000037252903);
#1942=IFCCARTESIANPOINTLIST2D(((0.,0.),(0.,2.025000002235174),(0.7808471247553825,2.025000002235174),(0.7808471247553825,0.),(0.7058471217751503,0.),(0.7058471217751503,1.949999999254942),(0.07500000298023224,1.949999999254942),(0.07500000298023224,0.)));
#1943=IFCINDEXEDPOLYCURVE(#1942,(IFCLINEINDEX((1,2,3,4,5,6,7,8,1))),$);
#1944=IFCARBITRARYCLOSEDPROFILEDEF(.AREA.,$,#1943);
#1945=IFCCARTESIANPOINT((-0.02500000223517418,-0.004999999888241291,0.));
#1946=IFCDIRECTION((0.,-1.,0.));
#1947=IFCDIRECTION((1.,0.,0.));
#1948=IFCAXIS2PLACEMENT3D(#1945,#1946,#1947);
#1949=IFCDIRECTION((0.,0.,-1.));
#1950=IFCEXTRUDEDAREASOLID(#1944,#1948,#1949,0.004999999888241291);
#1951=IFCCARTESIANPOINTLIST2D(((0.,0.),(0.,2.025000002235174),(0.7808471247553825,2.025000002235174),(0.7808471247553825,0.),(0.7308471221476793,0.),(0.7308471221476793,1.974999999627471),(0.05000000260770321,1.974999999627471),(0.05000000260770321,0.)));
#1952=IFCINDEXEDPOLYCURVE(#1951,(IFCLINEINDEX((1,2,3,4,5,6,7,8,1))),$);
#1953=IFCARBITRARYCLOSEDPROFILEDEF(.AREA.,$,#1952);
#1954=IFCCARTESIANPOINT((-0.02500000223517418,0.05000000074505806,0.));
#1955=IFCDIRECTION((0.,-1.,0.));
#1956=IFCDIRECTION((1.,0.,0.));
#1957=IFCAXIS2PLACEMENT3D(#1954,#1955,#1956);
#1958=IFCDIRECTION((0.,0.,-1.));
#1959=IFCEXTRUDEDAREASOLID(#1953,#1957,#1958,0.004999999888241291);
#1960=IFCCARTESIANPOINTLIST2D(((0.,0.),(0.6808471195399761,0.),(0.6808471195399761,0.03500000014901161),(0.,0.03500000014901161)));
#1961=IFCINDEXEDPOLYCURVE(#1960,(IFCLINEINDEX((1,2,3,4,1))),$);
#1962=IFCARBITRARYCLOSEDPROFILEDEF(.AREA.,$,#1961);
#1963=IFCCARTESIANPOINT((0.02500000037252903,0.02500000037252903,0.02500000037252903));
#1964=IFCDIRECTION((0.,0.,1.));
#1965=IFCDIRECTION((1.,0.,0.));
#1966=IFCAXIS2PLACEMENT3D(#1963,#1964,#1965);
#1967=IFCDIRECTION((0.,0.,1.));
#1968=IFCEXTRUDEDAREASOLID(#1962,#1966,#1967,1.949999999254942);
#1969=IFCCARTESIANPOINTLIST2D(((0.,0.),(0.,-0.04),(-0.11999999999999988,-0.04),(-0.11999999999999988,-0.02),(-0.020000000000000018,-0.02),(-0.020000000000000018,0.)));
#1970=IFCINDEXEDPOLYCURVE(#1969,(IFCLINEINDEX((1,2,3,4,5,6,1))),$);
#1971=IFCARBITRARYCLOSEDPROFILEDEF(.AREA.,$,#1970);
#1972=IFCCARTESIANPOINT((0.6558471199125051,0.02500000037252903,1.015000000372529));
#1973=IFCDIRECTION((0.,0.,1.));
#1974=IFCDIRECTION((1.,0.,0.));
#1975=IFCAXIS2PLACEMENT3D(#1972,#1973,#1974);
#1976=IFCDIRECTION((0.,0.,1.));
#1977=IFCEXTRUDEDAREASOLID(#1971,#1975,#1976,0.02);
#1978=IFCEXTRUDEDAREASOLID(#1979,#1982,#1986,0.02);
#1979=IFCARBITRARYCLOSEDPROFILEDEF(.AREA.,$,#1980);
#1980=IFCINDEXEDPOLYCURVE(#1981,(IFCLINEINDEX((1,2,3,4,5,6,1))),$);
#1981=IFCCARTESIANPOINTLIST2D(((0.,0.),(0.,0.04000000000000001),(-0.11999999999999988,0.04000000000000001),(-0.11999999999999988,0.020000000000000004),(-0.020000000000000018,0.020000000000000004),(-0.020000000000000018,0.)));
#1982=IFCAXIS2PLACEMENT3D(#1983,#1984,#1985);
#1983=IFCCARTESIANPOINT((0.6558471199125051,0.06000000052154064,1.015000000372529));
#1984=IFCDIRECTION((0.,0.,1.));
#1985=IFCDIRECTION((1.,0.,0.));
#1986=IFCDIRECTION((0.,0.,1.));
#1987=IFCSHAPEREPRESENTATION(#11,'Body','SweptSolid',(#1923,#1932,#1968,#1977,#1978,#1941,#1950,#1959));
#1988=IFCSHAPEREPRESENTATION(#11,'Body','SweptSolid',(#1923,#1932,#1941,#1950,#1959));
#1989=IFCSHAPEASPECT((#1988),'Lining',$,.T.,#1856);
#1990=IFCSHAPEREPRESENTATION(#11,'Body','SweptSolid',(#1968,#1977,#1978));
#1991=IFCSHAPEASPECT((#1990),'Framing',$,.T.,#1856);
#1992=IFCCARTESIANPOINTLIST2D(((0.,0.),(0.,0.05000000074505806),(0.02500000037252903,0.05000000074505806),(0.02500000037252903,0.02500000037252903),(0.05000000074505806,0.02500000037252903),(0.05000000074505806,0.)));
#1993=IFCINDEXEDPOLYCURVE(#1992,(IFCLINEINDEX((1,2,3,4,5,6,1))),$);
#1994=IFCINDEXEDPOLYCURVE(#1995,(IFCLINEINDEX((1,2,3,4,5,6,1))),$);
#1995=IFCCARTESIANPOINTLIST2D(((0.7308471202850342,0.),(0.7308471202850342,0.05000000074505806),(0.7058471199125051,0.05000000074505806),(0.7058471199125051,0.02500000037252903),(0.6808471195399761,0.02500000037252903),(0.6808471195399761,0.)));
#1996=IFCDIRECTION((1.,0.));
#1997=IFCCARTESIANPOINT((0.06000000052154064,0.05000000074505806));
#1998=IFCAXIS2PLACEMENT2D(#1997,#1996);
#1999=IFCELLIPSE(#1998,0.6458471193909645,0.6808471195399761);
#2000=IFCCARTESIANPOINT((0.7058471199125051,0.05000000074505806));
#2001=IFCCARTESIANPOINT((0.06000000052154064,0.7308471202850342));
#2002=IFCTRIMMEDCURVE(#1999,(#2000),(#2001),.T.,.CARTESIAN.);
#2003=IFCCARTESIANPOINTLIST2D(((0.02500000037252903,0.05000000074505806),(0.06000000052154064,0.05000000074505806),(0.06000000052154064,0.7308471202850342),(0.02500000037252903,0.7308471202850342)));
#2004=IFCINDEXEDPOLYCURVE(#2003,(IFCLINEINDEX((1,2,3,4,1))),$);
#2005=IFCSHAPEREPRESENTATION(#24,'Body','Curve2D',(#1993,#1994,#2002,#2004));
#2006=IFCCARTESIANPOINTLIST2D(((0.,0.),(0.7308471202850342,0.),(0.7308471202850342,2.),(0.,2.)));
#2007=IFCINDEXEDPOLYCURVE(#2006,(IFCLINEINDEX((1,2,3,4,1))),$);
#2008=IFCARBITRARYCLOSEDPROFILEDEF(.AREA.,$,#2007);
#2009=IFCCARTESIANPOINT((0.,-0.6000000238418579,0.));
#2010=IFCDIRECTION((0.,-1.,0.));
#2011=IFCDIRECTION((1.,0.,0.));
#2012=IFCAXIS2PLACEMENT3D(#2009,#2010,#2011);
#2013=IFCDIRECTION((0.,0.,-1.));
#2014=IFCEXTRUDEDAREASOLID(#2008,#2012,#2013,1.2);
#2015=IFCSHAPEREPRESENTATION(#11,'Body','SweptSolid',(#2014));
#2021=IFCCARTESIANPOINT((0.05066846282397108,0.01500011550009206,0.));
#2022=IFCDIRECTION((0.,0.,1.));
#2023=IFCDIRECTION((0.9999999999999929,-1.1920928955077312E-07,0.));
#2024=IFCAXIS2PLACEMENT3D(#2021,#2022,#2023);
#2025=IFCLOCALPLACEMENT(#857,#2024);
#2026=IFCCARTESIANPOINT((0.,-4.440892098500626E-16,0.));
#2027=IFCDIRECTION((0.,0.,1.));
#2028=IFCDIRECTION((0.9999999999999999,0.,0.));
#2029=IFCAXIS2PLACEMENT3D(#2026,#2027,#2028);
#2030=IFCLOCALPLACEMENT(#2025,#2029);
#2031=IFCDOORTYPE('2ch4FdSyvACA_pt9xbCMtF',$,'Maid FF',$,$,(#2032),(#2034,#2042,#2120,#4131),$,$,.DOOR.,.SINGLE_SWING_LEFT.,$,$);
#2032=IFCPROPERTYSET('3rn9AXiA50tfpB8G65Zh6n',$,'BBIM_Door',$,(#2033));
#2033=IFCPROPERTYSINGLEVALUE('Data',$,IFCTEXT('{"door_type": "SLIDING_TO_LEFT", "overall_height": 2.0, "overall_width": 1.3811171054840088, "lining_properties": {"lining_depth": 0.05000000074505806, "lining_thickness": 0.05000000074505806, "lining_offset": 0.0, "transom_thickness": 0.0, "casing_thickness": 0.07500000298023224, "casing_depth": 0.004999999888241291, "threshold_thickness": 0.02500000037252903, "threshold_depth": 0.10000000149011612, "threshold_offset": 0.0}, "panel_properties": {"panel_depth": 0.03500000014901161, "panel_width_ratio": 1.0}}'),$);
#2034=IFCREPRESENTATIONMAP(#2035,#4166);
#2035=IFCAXIS2PLACEMENT3D(#2036,#2037,#2038);
#2036=IFCCARTESIANPOINT((0.,0.,0.));
#2037=IFCDIRECTION((0.,0.,1.));
#2038=IFCDIRECTION((1.,0.,0.));
#2042=IFCREPRESENTATIONMAP(#2043,#4230);
#2043=IFCAXIS2PLACEMENT3D(#2044,#2045,#2046);
#2044=IFCCARTESIANPOINT((0.,0.,0.));
#2045=IFCDIRECTION((0.,0.,1.));
#2046=IFCDIRECTION((1.,0.,0.));
#2120=IFCREPRESENTATIONMAP(#2121,#4237);
#2121=IFCAXIS2PLACEMENT3D(#2122,#2123,#2124);
#2122=IFCCARTESIANPOINT((0.,0.,0.));
#2123=IFCDIRECTION((0.,0.,1.));
#2124=IFCDIRECTION((1.,0.,0.));
#2139=IFCDOOR('0hVSqp6BfBRAP7MS3fSZGY',$,'Door',$,$,#4267,#2148,$,2.,1.3811171054840088,$,.SLIDING_TO_LEFT.,$);
#2140=IFCRELDEFINESBYTYPE('1DOcAs_sbASPDlAof1HWdl',$,$,$,(#2139),#2031);
#2141=IFCCARTESIANPOINT((0.,0.,0.));
#2142=IFCDIRECTION((1.,0.,0.));
#2143=IFCDIRECTION((0.,1.,0.));
#2144=IFCDIRECTION((0.,0.,1.));
#2145=IFCCARTESIANTRANSFORMATIONOPERATOR3D(#2142,#2143,#2141,1.,#2144);
#2146=IFCMAPPEDITEM(#2034,#2145);
#2147=IFCSHAPEREPRESENTATION(#18,'Profile','MappedRepresentation',(#2146));
#2148=IFCPRODUCTDEFINITIONSHAPE($,$,(#2147,#2155,#2162,#4138));
#2149=IFCCARTESIANPOINT((0.,0.,0.));
#2150=IFCDIRECTION((1.,0.,0.));
#2151=IFCDIRECTION((0.,1.,0.));
#2152=IFCDIRECTION((0.,0.,1.));
#2153=IFCCARTESIANTRANSFORMATIONOPERATOR3D(#2150,#2151,#2149,1.,#2152);
#2154=IFCMAPPEDITEM(#2042,#2153);
#2155=IFCSHAPEREPRESENTATION(#11,'Body','MappedRepresentation',(#2154));
#2156=IFCCARTESIANPOINT((0.,0.,0.));
#2157=IFCDIRECTION((1.,0.,0.));
#2158=IFCDIRECTION((0.,1.,0.));
#2159=IFCDIRECTION((0.,0.,1.));
#2160=IFCCARTESIANTRANSFORMATIONOPERATOR3D(#2157,#2158,#2156,1.,#2159);
#2161=IFCMAPPEDITEM(#2120,#2160);
#2162=IFCSHAPEREPRESENTATION(#24,'Body','MappedRepresentation',(#2161));
#2163=IFCOPENINGELEMENT('1cr4EupeH1kfLeGx6Ad$31',$,'Opening',$,$,#4262,#2191,$,.OPENING.);
#2179=IFCCARTESIANPOINT((0.,0.,0.));
#2180=IFCDIRECTION((1.,0.,0.));
#2181=IFCDIRECTION((0.,0.,1.));
#2182=IFCAXIS2PLACEMENT3D(#2179,#2181,#2180);
#2183=IFCREPRESENTATIONMAP(#2182,#4252);
#2184=IFCCARTESIANPOINT((0.,0.,0.));
#2185=IFCDIRECTION((1.,0.,0.));
#2186=IFCDIRECTION((0.,1.,0.));
#2187=IFCDIRECTION((0.,0.,1.));
#2188=IFCCARTESIANTRANSFORMATIONOPERATOR3D(#2185,#2186,#2184,1.,#2187);
#2189=IFCMAPPEDITEM(#2183,#2188);
#2190=IFCSHAPEREPRESENTATION(#11,'Body','MappedRepresentation',(#2189));
#2191=IFCPRODUCTDEFINITIONSHAPE($,$,(#2190));
#2192=IFCRELVOIDSELEMENT('3N8N4pfNL4kvOZlT8wRl8_',$,$,$,#896,#2163);
#2198=IFCRELFILLSELEMENT('0OscdXzbrEovQh0QF4X9Vs',$,$,$,#2163,#2139);
#2207=IFCCARTESIANPOINTLIST2D(((0.,0.),(0.,2.),(0.764140784740448,2.),(0.764140784740448,0.),(0.739140784367919,0.),(0.739140784367919,1.974999999627471),(0.02500000037252903,1.974999999627471),(0.02500000037252903,0.)));
#2208=IFCINDEXEDPOLYCURVE(#2207,(IFCLINEINDEX((1,2,3,4,5,6,7,8,1))),$);
#2209=IFCARBITRARYCLOSEDPROFILEDEF(.AREA.,$,#2208);
#2210=IFCCARTESIANPOINT((0.,0.02500000037252903,0.));
#2211=IFCDIRECTION((0.,-1.,0.));
#2212=IFCDIRECTION((1.,0.,0.));
#2213=IFCAXIS2PLACEMENT3D(#2210,#2211,#2212);
#2214=IFCDIRECTION((0.,0.,-1.));
#2215=IFCEXTRUDEDAREASOLID(#2209,#2213,#2214,0.02500000037252903);
#2216=IFCCARTESIANPOINTLIST2D(((0.,0.),(0.,2.),(0.764140784740448,2.),(0.764140784740448,0.),(0.7141407839953899,0.),(0.7141407839953899,1.949999999254942),(0.05000000074505806,1.949999999254942),(0.05000000074505806,0.)));
#2217=IFCINDEXEDPOLYCURVE(#2216,(IFCLINEINDEX((1,2,3,4,5,6,7,8,1))),$);
#2218=IFCARBITRARYCLOSEDPROFILEDEF(.AREA.,$,#2217);
#2219=IFCCARTESIANPOINT((0.,0.,0.));
#2220=IFCDIRECTION((0.,-1.,0.));
#2221=IFCDIRECTION((1.,0.,0.));
#2222=IFCAXIS2PLACEMENT3D(#2219,#2220,#2221);
#2223=IFCDIRECTION((0.,0.,-1.));
#2224=IFCEXTRUDEDAREASOLID(#2218,#2222,#2223,0.02500000037252903);
#2225=IFCCARTESIANPOINTLIST2D(((0.,0.),(0.6641407832503319,0.),(0.6641407832503319,0.10000000149011612),(0.,0.10000000149011612)));
#2226=IFCINDEXEDPOLYCURVE(#2225,(IFCLINEINDEX((1,2,3,4,1))),$);
#2227=IFCARBITRARYCLOSEDPROFILEDEF(.AREA.,$,#2226);
#2228=IFCCARTESIANPOINT((0.05000000074505806,0.,0.));
#2229=IFCDIRECTION((0.,0.,1.));
#2230=IFCDIRECTION((1.,0.,0.));
#2231=IFCAXIS2PLACEMENT3D(#2228,#2229,#2230);
#2232=IFCDIRECTION((0.,0.,1.));
#2233=IFCEXTRUDEDAREASOLID(#2227,#2231,#2232,0.02500000037252903);
#2234=IFCCARTESIANPOINTLIST2D(((0.,0.),(0.,2.025000002235174),(0.8141407892107964,2.025000002235174),(0.8141407892107964,0.),(0.7391407862305641,0.),(0.7391407862305641,1.949999999254942),(0.07500000298023224,1.949999999254942),(0.07500000298023224,0.)));
#2235=IFCINDEXEDPOLYCURVE(#2234,(IFCLINEINDEX((1,2,3,4,5,6,7,8,1))),$);
#2236=IFCARBITRARYCLOSEDPROFILEDEF(.AREA.,$,#2235);
#2237=IFCCARTESIANPOINT((-0.02500000223517418,-0.004999999888241291,0.));
#2238=IFCDIRECTION((0.,-1.,0.));
#2239=IFCDIRECTION((1.,0.,0.));
#2240=IFCAXIS2PLACEMENT3D(#2237,#2238,#2239);
#2241=IFCDIRECTION((0.,0.,-1.));
#2242=IFCEXTRUDEDAREASOLID(#2236,#2240,#2241,0.004999999888241291);
#2243=IFCCARTESIANPOINTLIST2D(((0.,0.),(0.,2.025000002235174),(0.8141407892107964,2.025000002235174),(0.8141407892107964,0.),(0.7641407866030931,0.),(0.7641407866030931,1.974999999627471),(0.05000000260770321,1.974999999627471),(0.05000000260770321,0.)));
#2244=IFCINDEXEDPOLYCURVE(#2243,(IFCLINEINDEX((1,2,3,4,5,6,7,8,1))),$);
#2245=IFCARBITRARYCLOSEDPROFILEDEF(.AREA.,$,#2244);
#2246=IFCCARTESIANPOINT((-0.02500000223517418,0.05000000074505806,0.));
#2247=IFCDIRECTION((0.,-1.,0.));
#2248=IFCDIRECTION((1.,0.,0.));
#2249=IFCAXIS2PLACEMENT3D(#2246,#2247,#2248);
#2250=IFCDIRECTION((0.,0.,-1.));
#2251=IFCEXTRUDEDAREASOLID(#2245,#2249,#2250,0.004999999888241291);
#2252=IFCCARTESIANPOINTLIST2D(((0.,0.),(0.7141407839953899,0.),(0.7141407839953899,0.03500000014901161),(0.,0.03500000014901161)));
#2253=IFCINDEXEDPOLYCURVE(#2252,(IFCLINEINDEX((1,2,3,4,1))),$);
#2254=IFCARBITRARYCLOSEDPROFILEDEF(.AREA.,$,#2253);
#2255=IFCCARTESIANPOINT((0.02500000037252903,0.02500000037252903,0.02500000037252903));
#2256=IFCDIRECTION((0.,0.,1.));
#2257=IFCDIRECTION((1.,0.,0.));
#2258=IFCAXIS2PLACEMENT3D(#2255,#2256,#2257);
#2259=IFCDIRECTION((0.,0.,1.));
#2260=IFCEXTRUDEDAREASOLID(#2254,#2258,#2259,1.949999999254942);
#2261=IFCCARTESIANPOINTLIST2D(((0.,0.),(0.,-0.04),(-0.11999999999999988,-0.04),(-0.11999999999999988,-0.02),(-0.020000000000000018,-0.02),(-0.020000000000000018,0.)));
#2262=IFCINDEXEDPOLYCURVE(#2261,(IFCLINEINDEX((1,2,3,4,5,6,1))),$);
#2263=IFCARBITRARYCLOSEDPROFILEDEF(.AREA.,$,#2262);
#2264=IFCCARTESIANPOINT((0.6891407843679189,0.02500000037252903,1.015000000372529));
#2265=IFCDIRECTION((0.,0.,1.));
#2266=IFCDIRECTION((1.,0.,0.));
#2267=IFCAXIS2PLACEMENT3D(#2264,#2265,#2266);
#2268=IFCDIRECTION((0.,0.,1.));
#2269=IFCEXTRUDEDAREASOLID(#2263,#2267,#2268,0.02);
#2270=IFCEXTRUDEDAREASOLID(#2271,#2274,#2278,0.02);
#2271=IFCARBITRARYCLOSEDPROFILEDEF(.AREA.,$,#2272);
#2272=IFCINDEXEDPOLYCURVE(#2273,(IFCLINEINDEX((1,2,3,4,5,6,1))),$);
#2273=IFCCARTESIANPOINTLIST2D(((0.,0.),(0.,0.04000000000000001),(-0.11999999999999988,0.04000000000000001),(-0.11999999999999988,0.020000000000000004),(-0.020000000000000018,0.020000000000000004),(-0.020000000000000018,0.)));
#2274=IFCAXIS2PLACEMENT3D(#2275,#2276,#2277);
#2275=IFCCARTESIANPOINT((0.6891407843679189,0.06000000052154064,1.015000000372529));
#2276=IFCDIRECTION((0.,0.,1.));
#2277=IFCDIRECTION((1.,0.,0.));
#2278=IFCDIRECTION((0.,0.,1.));
#2280=IFCSHAPEREPRESENTATION(#11,'Body','SweptSolid',(#4077,#4202,#2224,#2251,#2215,#4059,#4175,#4068,#2242,#4086,#4184,#4193,#2233));
#2281=IFCSHAPEASPECT((#2280),'Lining',$,.T.,#2148);
#2282=IFCSHAPEREPRESENTATION(#11,'Body','SweptSolid',(#2269,#2270,#2260,#4104,#4105,#4095,#4220,#4221,#4211));
#2283=IFCSHAPEASPECT((#2282),'Framing',$,.T.,#2148);
#2323=IFCWINDOWTYPE('18K0R3vUf4jRUOkV$ftqcJ',$,'Living FF',$,$,(#2324),(#2333,#2381,#2403),$,$,.WINDOW.,.SINGLE_PANEL.,$,$);
#2324=IFCPROPERTYSET('07Qs7bM5f8P8sPqTAE03Wf',$,'BBIM_Window',$,(#2325));
#2325=IFCPROPERTYSINGLEVALUE('Data',$,IFCTEXT('{"window_type": "SINGLE_PANEL", "overall_height": 0.8999999761581421, "overall_width": 0.9509153366088867, "lining_properties": {"lining_depth": 0.05000000074505806, "lining_thickness": 0.05000000074505806, "lining_offset": 0.05000000074505806, "lining_to_panel_offset_x": 0.02500000037252903, "lining_to_panel_offset_y": 0.02500000037252903}, "panel_properties": {"frame_depth": [0.03500000014901161, 0.03500000014901161, 0.03500000014901161], "frame_thickness": [0.03500000014901161, 0.03500000014901161, 0.03500000014901161]}}'),$);
#2329=IFCCARTESIANPOINT((0.,0.,0.));
#2330=IFCDIRECTION((1.,0.,0.));
#2331=IFCDIRECTION((0.,0.,1.));
#2332=IFCAXIS2PLACEMENT3D(#2329,#2331,#2330);
#2333=IFCREPRESENTATIONMAP(#2332,#4533);
#2377=IFCCARTESIANPOINT((0.,0.,0.));
#2378=IFCDIRECTION((1.,0.,0.));
#2379=IFCDIRECTION((0.,0.,1.));
#2380=IFCAXIS2PLACEMENT3D(#2377,#2379,#2378);
#2381=IFCREPRESENTATIONMAP(#2380,#4576);
#2399=IFCCARTESIANPOINT((0.,0.,0.));
#2400=IFCDIRECTION((1.,0.,0.));
#2401=IFCDIRECTION((0.,0.,1.));
#2402=IFCAXIS2PLACEMENT3D(#2399,#2401,#2400);
#2403=IFCREPRESENTATIONMAP(#2402,#4593);
#2404=IFCWINDOW('13P5Whi598ghCtULqVQ5w_',$,'Window',$,$,#4633,#2413,$,0.8999999761581421,0.9509153366088867,$,.SINGLE_PANEL.,$);
#2405=IFCRELDEFINESBYTYPE('0W5hlWbj9D59504oGjAHCa',$,$,$,(#6307,#4357,#2404,#6629,#7146),#2323);
#2406=IFCCARTESIANPOINT((0.,0.,0.));
#2407=IFCDIRECTION((1.,0.,0.));
#2408=IFCDIRECTION((0.,1.,0.));
#2409=IFCDIRECTION((0.,0.,1.));
#2410=IFCCARTESIANTRANSFORMATIONOPERATOR3D(#2407,#2408,#2406,1.,#2409);
#2411=IFCMAPPEDITEM(#2333,#2410);
#2412=IFCSHAPEREPRESENTATION(#18,'Profile','MappedRepresentation',(#2411));
#2413=IFCPRODUCTDEFINITIONSHAPE($,$,(#2412,#2420,#2427));
#2414=IFCCARTESIANPOINT((0.,0.,0.));
#2415=IFCDIRECTION((1.,0.,0.));
#2416=IFCDIRECTION((0.,1.,0.));
#2417=IFCDIRECTION((0.,0.,1.));
#2418=IFCCARTESIANTRANSFORMATIONOPERATOR3D(#2415,#2416,#2414,1.,#2417);
#2419=IFCMAPPEDITEM(#2381,#2418);
#2420=IFCSHAPEREPRESENTATION(#11,'Body','MappedRepresentation',(#2419));
#2421=IFCCARTESIANPOINT((0.,0.,0.));
#2422=IFCDIRECTION((1.,0.,0.));
#2423=IFCDIRECTION((0.,1.,0.));
#2424=IFCDIRECTION((0.,0.,1.));
#2425=IFCCARTESIANTRANSFORMATIONOPERATOR3D(#2422,#2423,#2421,1.,#2424);
#2426=IFCMAPPEDITEM(#2403,#2425);
#2427=IFCSHAPEREPRESENTATION(#24,'Body','MappedRepresentation',(#2426));
#2428=IFCOPENINGELEMENT('2oxMyGGVrBlwdZNQ7RIw4w',$,'Opening',$,$,#4628,#2456,$,.OPENING.);
#2444=IFCCARTESIANPOINT((0.,0.,0.));
#2445=IFCDIRECTION((1.,0.,0.));
#2446=IFCDIRECTION((0.,0.,1.));
#2447=IFCAXIS2PLACEMENT3D(#2444,#2446,#2445);
#2448=IFCREPRESENTATIONMAP(#2447,#4603);
#2449=IFCCARTESIANPOINT((0.,0.,0.));
#2450=IFCDIRECTION((1.,0.,0.));
#2451=IFCDIRECTION((0.,1.,0.));
#2452=IFCDIRECTION((0.,0.,1.));
#2453=IFCCARTESIANTRANSFORMATIONOPERATOR3D(#2450,#2451,#2449,1.,#2452);
#2454=IFCMAPPEDITEM(#2448,#2453);
#2455=IFCSHAPEREPRESENTATION(#11,'Body','MappedRepresentation',(#2454));
#2456=IFCPRODUCTDEFINITIONSHAPE($,$,(#2455));
#2457=IFCRELVOIDSELEMENT('0a8peBPs5BZ8NAv3QWnzQe',$,$,$,#87,#2428);
#2463=IFCRELFILLSELEMENT('0UwWbpBFjEnRSHLbhyzZDY',$,$,$,#2428,#2404);
#2472=IFCCARTESIANPOINTLIST2D(((0.,0.),(0.7821341753005981,0.),(0.7821341753005981,0.8999999761581421),(0.,0.8999999761581421)));
#2473=IFCINDEXEDPOLYCURVE(#2472,(IFCLINEINDEX((1,2,3,4,1))),$);
#2474=IFCCARTESIANPOINTLIST2D(((0.02500000037252903,0.02500000037252903),(0.7571341749280691,0.02500000037252903),(0.7571341749280691,0.8749999757856131),(0.02500000037252903,0.8749999757856131)));
#2475=IFCINDEXEDPOLYCURVE(#2474,(IFCLINEINDEX((1,2,3,4,1))),$);
#2476=IFCARBITRARYPROFILEDEFWITHVOIDS(.AREA.,$,#2473,(#2475));
#2477=IFCCARTESIANPOINT((0.,0.09000000171363354,0.));
#2478=IFCDIRECTION((0.,-1.,0.));
#2479=IFCDIRECTION((1.,0.,0.));
#2480=IFCAXIS2PLACEMENT3D(#2477,#2478,#2479);
#2481=IFCDIRECTION((0.,0.,-1.));
#2482=IFCEXTRUDEDAREASOLID(#2476,#2480,#2481,0.009999999776482582);
#2483=IFCCARTESIANPOINTLIST2D(((0.,0.),(0.7821341753005981,0.),(0.7821341753005981,0.8999999761581421),(0.,0.8999999761581421)));
#2484=IFCINDEXEDPOLYCURVE(#2483,(IFCLINEINDEX((1,2,3,4,1))),$);
#2485=IFCCARTESIANPOINTLIST2D(((0.05000000074505806,0.05000000074505806),(0.7321341745555401,0.05000000074505806),(0.7321341745555401,0.849999975413084),(0.05000000074505806,0.849999975413084)));
#2486=IFCINDEXEDPOLYCURVE(#2485,(IFCLINEINDEX((1,2,3,4,1))),$);
#2487=IFCARBITRARYPROFILEDEFWITHVOIDS(.AREA.,$,#2484,(#2486));
#2488=IFCCARTESIANPOINT((0.,0.05000000074505806,0.));
#2489=IFCDIRECTION((0.,-1.,0.));
#2490=IFCDIRECTION((1.,0.,0.));
#2491=IFCAXIS2PLACEMENT3D(#2488,#2489,#2490);
#2492=IFCDIRECTION((0.,0.,-1.));
#2493=IFCEXTRUDEDAREASOLID(#2487,#2491,#2492,0.04000000096857548);
#2494=IFCCARTESIANPOINTLIST2D(((0.,0.),(0.7321341745555401,0.),(0.7321341745555401,0.849999975413084),(0.,0.849999975413084)));
#2495=IFCINDEXEDPOLYCURVE(#2494,(IFCLINEINDEX((1,2,3,4,1))),$);
#2496=IFCCARTESIANPOINTLIST2D(((0.03500000014901161,0.03500000014901161),(0.6971341744065285,0.03500000014901161),(0.6971341744065285,0.8149999752640724),(0.03500000014901161,0.8149999752640724)));
#2497=IFCINDEXEDPOLYCURVE(#2496,(IFCLINEINDEX((1,2,3,4,1))),$);
#2498=IFCARBITRARYPROFILEDEFWITHVOIDS(.AREA.,$,#2495,(#2497));
#2499=IFCCARTESIANPOINT((0.02500000037252903,0.09000000171363354,0.02500000037252903));
#2500=IFCDIRECTION((0.,-1.,0.));
#2501=IFCDIRECTION((1.,0.,0.));
#2502=IFCAXIS2PLACEMENT3D(#2499,#2500,#2501);
#2503=IFCDIRECTION((0.,0.,-1.));
#2504=IFCEXTRUDEDAREASOLID(#2498,#2502,#2503,0.03500000014901161);
#2505=IFCINDEXEDPOLYCURVE(#2506,(IFCLINEINDEX((1,2,3,4,1))),$);
#2506=IFCCARTESIANPOINTLIST2D(((0.03500000014901161,0.03500000014901161),(0.6971341744065285,0.03500000014901161),(0.6971341744065285,0.8149999752640724),(0.03500000014901161,0.8149999752640724)));
#2507=IFCARBITRARYCLOSEDPROFILEDEF(.AREA.,$,#2505);
#2508=IFCCARTESIANPOINT((0.02500000037252903,0.10250000178813934,0.02500000037252903));
#2509=IFCDIRECTION((0.,-1.,0.));
#2510=IFCDIRECTION((1.,0.,0.));
#2511=IFCAXIS2PLACEMENT3D(#2508,#2509,#2510);
#2512=IFCDIRECTION((0.,0.,-1.));
#2513=IFCEXTRUDEDAREASOLID(#2507,#2511,#2512,0.01);
#2515=IFCSHAPEREPRESENTATION(#11,'Body','SweptSolid',(#2587,#2576,#2482,#2493));
#2516=IFCSHAPEASPECT((#2515),'Lining',$,.T.,#2413);
#2517=IFCSHAPEREPRESENTATION(#11,'Body','SweptSolid',(#2598,#2504));
#2518=IFCSHAPEASPECT((#2517),'Framing',$,.T.,#2413);
#2519=IFCSHAPEREPRESENTATION(#11,'Body','SweptSolid',(#2513,#2607));
#2520=IFCSHAPEASPECT((#2519),'Glazing',$,.T.,#2413);
#2566=IFCCARTESIANPOINTLIST2D(((0.,0.),(0.7821341753005981,0.),(0.7821341753005981,0.8999999761581421),(0.,0.8999999761581421)));
#2567=IFCINDEXEDPOLYCURVE(#2566,(IFCLINEINDEX((1,2,3,4,1))),$);
#2568=IFCCARTESIANPOINTLIST2D(((0.02500000037252903,0.02500000037252903),(0.7571341749280691,0.02500000037252903),(0.7571341749280691,0.8749999757856131),(0.02500000037252903,0.8749999757856131)));
#2569=IFCINDEXEDPOLYCURVE(#2568,(IFCLINEINDEX((1,2,3,4,1))),$);
#2570=IFCARBITRARYPROFILEDEFWITHVOIDS(.AREA.,$,#2567,(#2569));
#2571=IFCCARTESIANPOINT((0.,0.09000000171363354,0.));
#2572=IFCDIRECTION((0.,-1.,0.));
#2573=IFCDIRECTION((1.,0.,0.));
#2574=IFCAXIS2PLACEMENT3D(#2571,#2572,#2573);
#2575=IFCDIRECTION((0.,0.,-1.));
#2576=IFCEXTRUDEDAREASOLID(#2570,#2574,#2575,0.009999999776482582);
#2577=IFCCARTESIANPOINTLIST2D(((0.,0.),(0.7821341753005981,0.),(0.7821341753005981,0.8999999761581421),(0.,0.8999999761581421)));
#2578=IFCINDEXEDPOLYCURVE(#2577,(IFCLINEINDEX((1,2,3,4,1))),$);
#2579=IFCCARTESIANPOINTLIST2D(((0.05000000074505806,0.05000000074505806),(0.7321341745555401,0.05000000074505806),(0.7321341745555401,0.849999975413084),(0.05000000074505806,0.849999975413084)));
#2580=IFCINDEXEDPOLYCURVE(#2579,(IFCLINEINDEX((1,2,3,4,1))),$);
#2581=IFCARBITRARYPROFILEDEFWITHVOIDS(.AREA.,$,#2578,(#2580));
#2582=IFCCARTESIANPOINT((0.,0.05000000074505806,0.));
#2583=IFCDIRECTION((0.,-1.,0.));
#2584=IFCDIRECTION((1.,0.,0.));
#2585=IFCAXIS2PLACEMENT3D(#2582,#2583,#2584);
#2586=IFCDIRECTION((0.,0.,-1.));
#2587=IFCEXTRUDEDAREASOLID(#2581,#2585,#2586,0.04000000096857548);
#2588=IFCCARTESIANPOINTLIST2D(((0.,0.),(0.7321341745555401,0.),(0.7321341745555401,0.849999975413084),(0.,0.849999975413084)));
#2589=IFCINDEXEDPOLYCURVE(#2588,(IFCLINEINDEX((1,2,3,4,1))),$);
#2590=IFCCARTESIANPOINTLIST2D(((0.03500000014901161,0.03500000014901161),(0.6971341744065285,0.03500000014901161),(0.6971341744065285,0.8149999752640724),(0.03500000014901161,0.8149999752640724)));
#2591=IFCINDEXEDPOLYCURVE(#2590,(IFCLINEINDEX((1,2,3,4,1))),$);
#2592=IFCARBITRARYPROFILEDEFWITHVOIDS(.AREA.,$,#2589,(#2591));
#2593=IFCCARTESIANPOINT((0.02500000037252903,0.09000000171363354,0.02500000037252903));
#2594=IFCDIRECTION((0.,-1.,0.));
#2595=IFCDIRECTION((1.,0.,0.));
#2596=IFCAXIS2PLACEMENT3D(#2593,#2594,#2595);
#2597=IFCDIRECTION((0.,0.,-1.));
#2598=IFCEXTRUDEDAREASOLID(#2592,#2596,#2597,0.03500000014901161);
#2599=IFCINDEXEDPOLYCURVE(#2600,(IFCLINEINDEX((1,2,3,4,1))),$);
#2600=IFCCARTESIANPOINTLIST2D(((0.03500000014901161,0.03500000014901161),(0.6971341744065285,0.03500000014901161),(0.6971341744065285,0.8149999752640724),(0.03500000014901161,0.8149999752640724)));
#2601=IFCARBITRARYCLOSEDPROFILEDEF(.AREA.,$,#2599);
#2602=IFCCARTESIANPOINT((0.02500000037252903,0.10250000178813934,0.02500000037252903));
#2603=IFCDIRECTION((0.,-1.,0.));
#2604=IFCDIRECTION((1.,0.,0.));
#2605=IFCAXIS2PLACEMENT3D(#2602,#2603,#2604);
#2606=IFCDIRECTION((0.,0.,-1.));
#2607=IFCEXTRUDEDAREASOLID(#2601,#2605,#2606,0.01);
#2666=IFCWINDOWTYPE('3aA0YnQvb8KO0WyY82uAY0',$,'Guest1 FF',$,$,(#2667),(#2669,#2677,#2725),$,$,.WINDOW.,.SINGLE_PANEL.,$,$);
#2667=IFCPROPERTYSET('25eyDowP90k9LBEBtVqlbU',$,'BBIM_Window',$,(#2668));
#2668=IFCPROPERTYSINGLEVALUE('Data',$,IFCTEXT('{"window_type": "DOUBLE_PANEL_VERTICAL", "overall_height": 0.8999999761581421, "overall_width": 1.064604640007019, "lining_properties": {"lining_depth": 0.05000000074505806, "lining_thickness": 0.05000000074505806, "lining_offset": 0.05000000074505806, "lining_to_panel_offset_x": 0.02500000037252903, "lining_to_panel_offset_y": 0.02500000037252903, "mullion_thickness": 0.05000000074505806, "first_mullion_offset": 0.5392914414405823}, "panel_properties": {"frame_depth": [0.03500000014901161, 0.03500000014901161, 0.03500000014901161], "frame_thickness": [0.03500000014901161, 0.03500000014901161, 0.03500000014901161]}}'),$);
#2669=IFCREPRESENTATIONMAP(#2670,#2829);
#2670=IFCAXIS2PLACEMENT3D(#2671,#2672,#2673);
#2671=IFCCARTESIANPOINT((0.,0.,0.));
#2672=IFCDIRECTION((0.,0.,1.));
#2673=IFCDIRECTION((1.,0.,0.));
#2677=IFCREPRESENTATIONMAP(#2678,#2910);
#2678=IFCAXIS2PLACEMENT3D(#2679,#2680,#2681);
#2679=IFCCARTESIANPOINT((0.,0.,0.));
#2680=IFCDIRECTION((0.,0.,1.));
#2681=IFCDIRECTION((1.,0.,0.));
#2725=IFCREPRESENTATIONMAP(#2726,#2949);
#2726=IFCAXIS2PLACEMENT3D(#2727,#2728,#2729);
#2727=IFCCARTESIANPOINT((0.,0.,0.));
#2728=IFCDIRECTION((0.,0.,1.));
#2729=IFCDIRECTION((1.,0.,0.));
#2747=IFCWINDOW('2G0ryfyxz9PvApM_pLac4i',$,'Window',$,$,#2974,#2756,$,0.8999999761581421,1.064604640007019,$,.DOUBLE_PANEL_VERTICAL.,$);
#2748=IFCRELDEFINESBYTYPE('3tuXlQnxH37Rpc9fm1KnId',$,$,$,(#2747,#7048,#7097,#6887),#2666);
#2749=IFCCARTESIANPOINT((0.,0.,0.));
#2750=IFCDIRECTION((1.,0.,0.));
#2751=IFCDIRECTION((0.,1.,0.));
#2752=IFCDIRECTION((0.,0.,1.));
#2753=IFCCARTESIANTRANSFORMATIONOPERATOR3D(#2750,#2751,#2749,1.,#2752);
#2754=IFCMAPPEDITEM(#2669,#2753);
#2755=IFCSHAPEREPRESENTATION(#18,'Profile','MappedRepresentation',(#2754));
#2756=IFCPRODUCTDEFINITIONSHAPE($,$,(#2755,#2763,#2770));
#2757=IFCCARTESIANPOINT((0.,0.,0.));
#2758=IFCDIRECTION((1.,0.,0.));
#2759=IFCDIRECTION((0.,1.,0.));
#2760=IFCDIRECTION((0.,0.,1.));
#2761=IFCCARTESIANTRANSFORMATIONOPERATOR3D(#2758,#2759,#2757,1.,#2760);
#2762=IFCMAPPEDITEM(#2677,#2761);
#2763=IFCSHAPEREPRESENTATION(#11,'Body','MappedRepresentation',(#2762));
#2764=IFCCARTESIANPOINT((0.,0.,0.));
#2765=IFCDIRECTION((1.,0.,0.));
#2766=IFCDIRECTION((0.,1.,0.));
#2767=IFCDIRECTION((0.,0.,1.));
#2768=IFCCARTESIANTRANSFORMATIONOPERATOR3D(#2765,#2766,#2764,1.,#2767);
#2769=IFCMAPPEDITEM(#2725,#2768);
#2770=IFCSHAPEREPRESENTATION(#24,'Body','MappedRepresentation',(#2769));
#2771=IFCOPENINGELEMENT('19f2K4WRj1$vNSlKOYcakV',$,'Opening',$,$,#2969,#2799,$,.OPENING.);
#2787=IFCCARTESIANPOINT((0.,0.,0.));
#2788=IFCDIRECTION((1.,0.,0.));
#2789=IFCDIRECTION((0.,0.,1.));
#2790=IFCAXIS2PLACEMENT3D(#2787,#2789,#2788);
#2791=IFCREPRESENTATIONMAP(#2790,#2959);
#2792=IFCCARTESIANPOINT((0.,0.,0.));
#2793=IFCDIRECTION((1.,0.,0.));
#2794=IFCDIRECTION((0.,1.,0.));
#2795=IFCDIRECTION((0.,0.,1.));
#2796=IFCCARTESIANTRANSFORMATIONOPERATOR3D(#2793,#2794,#2792,1.,#2795);
#2797=IFCMAPPEDITEM(#2791,#2796);
#2798=IFCSHAPEREPRESENTATION(#11,'Body','MappedRepresentation',(#2797));
#2799=IFCPRODUCTDEFINITIONSHAPE($,$,(#2798));
#2800=IFCRELVOIDSELEMENT('2tNMjhH2X1RPA4ycpDbzLj',$,$,$,#239,#2771);
#2806=IFCRELFILLSELEMENT('0ih5qOIdb4wBO6LsJff3kT',$,$,$,#2771,#2747);
#2827=IFCCARTESIANPOINTLIST3D(((0.,0.,0.),(1.064604640007019,0.,0.),(1.064604640007019,0.,0.8999999761581421),(0.,0.,0.8999999761581421)));
#2828=IFCINDEXEDPOLYCURVE(#2827,(IFCLINEINDEX((1,2,3,4,1))),$);
#2829=IFCSHAPEREPRESENTATION(#18,'Profile','Curve3D',(#2828));
#2830=IFCCARTESIANPOINTLIST2D(((0.5392914414405823,0.),(0.,0.),(0.,0.8999999761581421),(0.5392914414405823,0.8999999761581421),(0.5392914414405823,0.8749999757856131),(0.02500000037252903,0.8749999757856131),(0.02500000037252903,0.02500000037252903),(0.5392914414405823,0.02500000037252903)));
#2831=IFCINDEXEDPOLYCURVE(#2830,(IFCLINEINDEX((1,2,3,4,5,6,7,8,1))),$);
#2832=IFCARBITRARYCLOSEDPROFILEDEF(.AREA.,$,#2831);
#2833=IFCCARTESIANPOINT((0.,0.09000000171363354,0.));
#2834=IFCDIRECTION((0.,-1.,0.));
#2835=IFCDIRECTION((1.,0.,0.));
#2836=IFCAXIS2PLACEMENT3D(#2833,#2834,#2835);
#2837=IFCDIRECTION((0.,0.,-1.));
#2838=IFCEXTRUDEDAREASOLID(#2832,#2836,#2837,0.009999999776482582);
#2839=IFCCARTESIANPOINTLIST2D(((0.,0.),(0.5392914414405823,0.),(0.5392914414405823,0.8999999761581421),(0.,0.8999999761581421)));
#2840=IFCINDEXEDPOLYCURVE(#2839,(IFCLINEINDEX((1,2,3,4,1))),$);
#2841=IFCCARTESIANPOINTLIST2D(((0.05000000074505806,0.05000000074505806),(0.5142914410680532,0.05000000074505806),(0.5142914410680532,0.849999975413084),(0.05000000074505806,0.849999975413084)));
#2842=IFCINDEXEDPOLYCURVE(#2841,(IFCLINEINDEX((1,2,3,4,1))),$);
#2843=IFCARBITRARYPROFILEDEFWITHVOIDS(.AREA.,$,#2840,(#2842));
#2844=IFCCARTESIANPOINT((0.,0.05000000074505806,0.));
#2845=IFCDIRECTION((0.,-1.,0.));
#2846=IFCDIRECTION((1.,0.,0.));
#2847=IFCAXIS2PLACEMENT3D(#2844,#2845,#2846);
#2848=IFCDIRECTION((0.,0.,-1.));
#2849=IFCEXTRUDEDAREASOLID(#2843,#2847,#2848,0.04000000096857548);
#2850=IFCCARTESIANPOINTLIST2D(((0.,0.),(0.5142914410680532,0.),(0.5142914410680532,0.849999975413084),(0.,0.849999975413084)));
#2851=IFCINDEXEDPOLYCURVE(#2850,(IFCLINEINDEX((1,2,3,4,1))),$);
#2852=IFCCARTESIANPOINTLIST2D(((0.03500000014901161,0.03500000014901161),(0.47929144091904163,0.03500000014901161),(0.47929144091904163,0.8149999752640724),(0.03500000014901161,0.8149999752640724)));
#2853=IFCINDEXEDPOLYCURVE(#2852,(IFCLINEINDEX((1,2,3,4,1))),$);
#2854=IFCARBITRARYPROFILEDEFWITHVOIDS(.AREA.,$,#2851,(#2853));
#2855=IFCCARTESIANPOINT((0.02500000037252903,0.09000000171363354,0.02500000037252903));
#2856=IFCDIRECTION((0.,-1.,0.));
#2857=IFCDIRECTION((1.,0.,0.));
#2858=IFCAXIS2PLACEMENT3D(#2855,#2856,#2857);
#2859=IFCDIRECTION((0.,0.,-1.));
#2860=IFCEXTRUDEDAREASOLID(#2854,#2858,#2859,0.03500000014901161);
#2861=IFCINDEXEDPOLYCURVE(#2862,(IFCLINEINDEX((1,2,3,4,1))),$);
#2862=IFCCARTESIANPOINTLIST2D(((0.03500000014901161,0.03500000014901161),(0.47929144091904163,0.03500000014901161),(0.47929144091904163,0.8149999752640724),(0.03500000014901161,0.8149999752640724)));
#2863=IFCARBITRARYCLOSEDPROFILEDEF(.AREA.,$,#2861);
#2864=IFCCARTESIANPOINT((0.02500000037252903,0.10250000178813934,0.02500000037252903));
#2865=IFCDIRECTION((0.,-1.,0.));
#2866=IFCDIRECTION((1.,0.,0.));
#2867=IFCAXIS2PLACEMENT3D(#2864,#2865,#2866);
#2868=IFCDIRECTION((0.,0.,-1.));
#2869=IFCEXTRUDEDAREASOLID(#2863,#2867,#2868,0.01);
#2870=IFCCARTESIANPOINTLIST2D(((0.,0.8999999761581421),(0.5253131985664368,0.8999999761581421),(0.5253131985664368,0.),(0.,0.),(0.,0.02500000037252903),(0.5003131981939077,0.02500000037252903),(0.5003131981939077,0.8749999757856131),(0.,0.8749999757856131)));
#2871=IFCINDEXEDPOLYCURVE(#2870,(IFCLINEINDEX((1,2,3,4,5,6,7,8,1))),$);
#2872=IFCARBITRARYCLOSEDPROFILEDEF(.AREA.,$,#2871);
#2873=IFCCARTESIANPOINT((0.5392914414405823,0.09000000171363354,0.));
#2874=IFCDIRECTION((0.,-1.,0.));
#2875=IFCDIRECTION((1.,0.,0.));
#2876=IFCAXIS2PLACEMENT3D(#2873,#2874,#2875);
#2877=IFCDIRECTION((0.,0.,-1.));
#2878=IFCEXTRUDEDAREASOLID(#2872,#2876,#2877,0.009999999776482582);
#2879=IFCCARTESIANPOINTLIST2D(((0.,0.),(0.5253131985664368,0.),(0.5253131985664368,0.8999999761581421),(0.,0.8999999761581421)));
#2880=IFCINDEXEDPOLYCURVE(#2879,(IFCLINEINDEX((1,2,3,4,1))),$);
#2881=IFCCARTESIANPOINTLIST2D(((0.02500000037252903,0.05000000074505806),(0.4753131978213787,0.05000000074505806),(0.4753131978213787,0.849999975413084),(0.02500000037252903,0.849999975413084)));
#2882=IFCINDEXEDPOLYCURVE(#2881,(IFCLINEINDEX((1,2,3,4,1))),$);
#2883=IFCARBITRARYPROFILEDEFWITHVOIDS(.AREA.,$,#2880,(#2882));
#2884=IFCCARTESIANPOINT((0.5392914414405823,0.05000000074505806,0.));
#2885=IFCDIRECTION((0.,-1.,0.));
#2886=IFCDIRECTION((1.,0.,0.));
#2887=IFCAXIS2PLACEMENT3D(#2884,#2885,#2886);
#2888=IFCDIRECTION((0.,0.,-1.));
#2889=IFCEXTRUDEDAREASOLID(#2883,#2887,#2888,0.04000000096857548);
#2890=IFCCARTESIANPOINTLIST2D(((0.,0.),(0.5003131981939077,0.),(0.5003131981939077,0.849999975413084),(0.,0.849999975413084)));
#2891=IFCINDEXEDPOLYCURVE(#2890,(IFCLINEINDEX((1,2,3,4,1))),$);
#2892=IFCCARTESIANPOINTLIST2D(((0.03500000014901161,0.03500000014901161),(0.4653131980448961,0.03500000014901161),(0.4653131980448961,0.8149999752640724),(0.03500000014901161,0.8149999752640724)));
#2893=IFCINDEXEDPOLYCURVE(#2892,(IFCLINEINDEX((1,2,3,4,1))),$);
#2894=IFCARBITRARYPROFILEDEFWITHVOIDS(.AREA.,$,#2891,(#2893));
#2895=IFCCARTESIANPOINT((0.5392914414405823,0.09000000171363354,0.02500000037252903));
#2896=IFCDIRECTION((0.,-1.,0.));
#2897=IFCDIRECTION((1.,0.,0.));
#2898=IFCAXIS2PLACEMENT3D(#2895,#2896,#2897);
#2899=IFCDIRECTION((0.,0.,-1.));
#2900=IFCEXTRUDEDAREASOLID(#2894,#2898,#2899,0.03500000014901161);
#2901=IFCINDEXEDPOLYCURVE(#2902,(IFCLINEINDEX((1,2,3,4,1))),$);
#2902=IFCCARTESIANPOINTLIST2D(((0.03500000014901161,0.03500000014901161),(0.4653131980448961,0.03500000014901161),(0.4653131980448961,0.8149999752640724),(0.03500000014901161,0.8149999752640724)));
#2903=IFCARBITRARYCLOSEDPROFILEDEF(.AREA.,$,#2901);
#2904=IFCCARTESIANPOINT((0.5392914414405823,0.10250000178813934,0.02500000037252903));
#2905=IFCDIRECTION((0.,-1.,0.));
#2906=IFCDIRECTION((1.,0.,0.));
#2907=IFCAXIS2PLACEMENT3D(#2904,#2905,#2906);
#2908=IFCDIRECTION((0.,0.,-1.));
#2909=IFCEXTRUDEDAREASOLID(#2903,#2907,#2908,0.01);
#2910=IFCSHAPEREPRESENTATION(#11,'Body','SweptSolid',(#2838,#2849,#2860,#2869,#2878,#2889,#2900,#2909));
#2911=IFCSHAPEREPRESENTATION(#11,'Body','SweptSolid',(#2838,#2849,#2878,#2889));
#2912=IFCSHAPEASPECT((#2911),'Lining',$,.T.,#2756);
#2913=IFCSHAPEREPRESENTATION(#11,'Body','SweptSolid',(#2860,#2900));
#2914=IFCSHAPEASPECT((#2913),'Framing',$,.T.,#2756);
#2915=IFCSHAPEREPRESENTATION(#11,'Body','SweptSolid',(#2869,#2909));
#2916=IFCSHAPEASPECT((#2915),'Glazing',$,.T.,#2756);
#2917=IFCCARTESIANPOINTLIST2D(((0.05000000074505806,0.05000000074505806),(0.5142914410680532,0.05000000074505806)));
#2918=IFCINDEXEDPOLYCURVE(#2917,$,$);
#2919=IFCCARTESIANPOINTLIST2D(((0.,0.10000000149011612),(0.02500000037252903,0.10000000149011612),(0.02500000037252903,0.09000000171363354),(0.05000000074505806,0.09000000171363354),(0.05000000074505806,0.05000000074505806),(0.,0.05000000074505806)));
#2920=IFCINDEXEDPOLYCURVE(#2919,(IFCLINEINDEX((1,2,3,4,5,6,1))),$);
#2921=IFCCARTESIANPOINTLIST2D(((0.5392914414405823,0.10000000149011612),(0.5392914414405823,0.10000000149011612),(0.5392914414405823,0.09000000171363354),(0.5142914410680532,0.09000000171363354),(0.5142914410680532,0.05000000074505806),(0.5392914414405823,0.05000000074505806)));
#2922=IFCINDEXEDPOLYCURVE(#2921,$,$);
#2923=IFCCARTESIANPOINTLIST2D(((0.02500000037252903,0.09000000171363354),(0.06000000052154064,0.09000000171363354),(0.06000000052154064,0.12500000186264515),(0.02500000037252903,0.12500000186264515)));
#2924=IFCINDEXEDPOLYCURVE(#2923,(IFCLINEINDEX((1,2,3,4,1))),$);
#2925=IFCINDEXEDPOLYCURVE(#2926,(IFCLINEINDEX((1,2,3,4,1))),$);
#2926=IFCCARTESIANPOINTLIST2D(((0.5392914414405823,0.09000000171363354),(0.5042914412915707,0.09000000171363354),(0.5042914412915707,0.12500000186264515),(0.5392914414405823,0.12500000186264515)));
#2927=IFCCARTESIANPOINTLIST2D(((0.06000000052154064,0.09000000171363354),(0.5042914412915707,0.09000000171363354)));
#2928=IFCINDEXEDPOLYCURVE(#2927,$,$);
#2929=IFCINDEXEDPOLYCURVE(#2930,$,$);
#2930=IFCCARTESIANPOINTLIST2D(((0.06000000052154064,0.12500000186264515),(0.5042914412915707,0.12500000186264515)));
#2931=IFCINDEXEDPOLYCURVE(#2932,$,$);
#2932=IFCCARTESIANPOINTLIST2D(((0.06000000052154064,0.10750000178813934),(0.5042914412915707,0.10750000178813934)));
#2933=IFCCARTESIANPOINTLIST2D(((0.5642914418131113,0.05000000074505806),(1.014604639261961,0.05000000074505806)));
#2934=IFCINDEXEDPOLYCURVE(#2933,$,$);
#2935=IFCCARTESIANPOINTLIST2D(((0.5392914414405823,0.10000000149011612),(0.5392914414405823,0.10000000149011612),(0.5392914414405823,0.09000000171363354),(0.5642914418131113,0.09000000171363354),(0.5642914418131113,0.05000000074505806),(0.5392914414405823,0.05000000074505806)));
#2936=IFCINDEXEDPOLYCURVE(#2935,$,$);
#2937=IFCCARTESIANPOINTLIST2D(((1.064604640007019,0.10000000149011612),(1.03960463963449,0.10000000149011612),(1.03960463963449,0.09000000171363354),(1.014604639261961,0.09000000171363354),(1.014604639261961,0.05000000074505806),(1.064604640007019,0.05000000074505806)));
#2938=IFCINDEXEDPOLYCURVE(#2937,(IFCLINEINDEX((1,2,3,4,5,6,1))),$);
#2939=IFCCARTESIANPOINTLIST2D(((0.5392914414405823,0.09000000171363354),(0.5742914415895939,0.09000000171363354),(0.5742914415895939,0.12500000186264515),(0.5392914414405823,0.12500000186264515)));
#2940=IFCINDEXEDPOLYCURVE(#2939,(IFCLINEINDEX((1,2,3,4,1))),$);
#2941=IFCINDEXEDPOLYCURVE(#2942,(IFCLINEINDEX((1,2,3,4,1))),$);
#2942=IFCCARTESIANPOINTLIST2D(((1.03960463963449,0.09000000171363354),(1.0046046394854784,0.09000000171363354),(1.0046046394854784,0.12500000186264515),(1.03960463963449,0.12500000186264515)));
#2943=IFCCARTESIANPOINTLIST2D(((0.5742914415895939,0.09000000171363354),(1.0046046394854784,0.09000000171363354)));
#2944=IFCINDEXEDPOLYCURVE(#2943,$,$);
#2945=IFCINDEXEDPOLYCURVE(#2946,$,$);
#2946=IFCCARTESIANPOINTLIST2D(((0.5742914415895939,0.12500000186264515),(1.0046046394854784,0.12500000186264515)));
#2947=IFCINDEXEDPOLYCURVE(#2948,$,$);
#2948=IFCCARTESIANPOINTLIST2D(((0.5742914415895939,0.10750000178813934),(1.0046046394854784,0.10750000178813934)));
#2949=IFCSHAPEREPRESENTATION(#24,'Body','Curve2D',(#2918,#2920,#2922,#2924,#2925,#2928,#2929,#2931,#2934,#2936,#2938,#2940,#2941,#2944,#2945,#2947));
#2950=IFCCARTESIANPOINTLIST2D(((0.,0.),(1.064604640007019,0.),(1.064604640007019,0.8999999761581421),(0.,0.8999999761581421)));
#2951=IFCINDEXEDPOLYCURVE(#2950,(IFCLINEINDEX((1,2,3,4,1))),$);
#2952=IFCARBITRARYCLOSEDPROFILEDEF(.AREA.,$,#2951);
#2953=IFCCARTESIANPOINT((0.,-0.6000000238418579,0.));
#2954=IFCDIRECTION((0.,-1.,0.));
#2955=IFCDIRECTION((1.,0.,0.));
#2956=IFCAXIS2PLACEMENT3D(#2953,#2954,#2955);
#2957=IFCDIRECTION((0.,0.,-1.));
#2958=IFCEXTRUDEDAREASOLID(#2952,#2956,#2957,1.2);
#2959=IFCSHAPEREPRESENTATION(#11,'Body','SweptSolid',(#2958));
#2965=IFCCARTESIANPOINT((1.0987256468601863,2.8312206268310547E-07,1.));
#2966=IFCDIRECTION((0.,0.,1.));
#2967=IFCDIRECTION((0.9999999999999716,-2.3841857910155572E-07,0.));
#2968=IFCAXIS2PLACEMENT3D(#2965,#2966,#2967);
#2969=IFCLOCALPLACEMENT(#561,#2968);
#2970=IFCCARTESIANPOINT((0.,0.,0.));
#2971=IFCDIRECTION((0.,0.,1.));
#2972=IFCDIRECTION((1.,0.,0.));
#2973=IFCAXIS2PLACEMENT3D(#2970,#2971,#2972);
#2974=IFCLOCALPLACEMENT(#2969,#2973);
#3901=IFCMATERIALLAYERSET((#3903),$,$);
#3903=IFCMATERIALLAYER(#81,0.1,$,$,$,$,$);
#3995=IFCMATERIALLAYERSET((#3996),$,$);
#3996=IFCMATERIALLAYER(#81,0.1,$,$,$,$,$);
#4051=IFCCARTESIANPOINTLIST2D(((0.,0.),(0.,2.),(0.764140784740448,2.),(0.764140784740448,0.),(0.7141407839953899,0.),(0.7141407839953899,1.949999999254942),(0.05000000074505806,1.949999999254942),(0.05000000074505806,0.)));
#4052=IFCINDEXEDPOLYCURVE(#4051,(IFCLINEINDEX((1,2,3,4,5,6,7,8,1))),$);
#4053=IFCARBITRARYCLOSEDPROFILEDEF(.AREA.,$,#4052);
#4054=IFCCARTESIANPOINT((0.,0.,0.));
#4055=IFCDIRECTION((0.,-1.,0.));
#4056=IFCDIRECTION((1.,0.,0.));
#4057=IFCAXIS2PLACEMENT3D(#4054,#4055,#4056);
#4058=IFCDIRECTION((0.,0.,-1.));
#4059=IFCEXTRUDEDAREASOLID(#4053,#4057,#4058,0.05000000074505806);
#4060=IFCCARTESIANPOINTLIST2D(((0.,0.),(0.6641407832503319,0.),(0.6641407832503319,0.10000000149011612),(0.,0.10000000149011612)));
#4061=IFCINDEXEDPOLYCURVE(#4060,(IFCLINEINDEX((1,2,3,4,1))),$);
#4062=IFCARBITRARYCLOSEDPROFILEDEF(.AREA.,$,#4061);
#4063=IFCCARTESIANPOINT((0.05000000074505806,0.,0.));
#4064=IFCDIRECTION((0.,0.,1.));
#4065=IFCDIRECTION((1.,0.,0.));
#4066=IFCAXIS2PLACEMENT3D(#4063,#4064,#4065);
#4067=IFCDIRECTION((0.,0.,1.));
#4068=IFCEXTRUDEDAREASOLID(#4062,#4066,#4067,0.02500000037252903);
#4069=IFCCARTESIANPOINTLIST2D(((0.,0.),(0.,2.025000002235174),(0.8141407892107964,2.025000002235174),(0.8141407892107964,0.),(0.7391407862305641,0.),(0.7391407862305641,1.949999999254942),(0.07500000298023224,1.949999999254942),(0.07500000298023224,0.)));
#4070=IFCINDEXEDPOLYCURVE(#4069,(IFCLINEINDEX((1,2,3,4,5,6,7,8,1))),$);
#4071=IFCARBITRARYCLOSEDPROFILEDEF(.AREA.,$,#4070);
#4072=IFCCARTESIANPOINT((-0.02500000223517418,-0.004999999888241291,0.));
#4073=IFCDIRECTION((0.,-1.,0.));
#4074=IFCDIRECTION((1.,0.,0.));
#4075=IFCAXIS2PLACEMENT3D(#4072,#4073,#4074);
#4076=IFCDIRECTION((0.,0.,-1.));
#4077=IFCEXTRUDEDAREASOLID(#4071,#4075,#4076,0.004999999888241291);
#4078=IFCCARTESIANPOINTLIST2D(((0.,0.),(0.,2.025000002235174),(0.8141407892107964,2.025000002235174),(0.8141407892107964,0.),(0.7391407862305641,0.),(0.7391407862305641,1.949999999254942),(0.07500000298023224,1.949999999254942),(0.07500000298023224,0.)));
#4079=IFCINDEXEDPOLYCURVE(#4078,(IFCLINEINDEX((1,2,3,4,5,6,7,8,1))),$);
#4080=IFCARBITRARYCLOSEDPROFILEDEF(.AREA.,$,#4079);
#4081=IFCCARTESIANPOINT((-0.02500000223517418,0.05000000074505806,0.));
#4082=IFCDIRECTION((0.,-1.,0.));
#4083=IFCDIRECTION((1.,0.,0.));
#4084=IFCAXIS2PLACEMENT3D(#4081,#4082,#4083);
#4085=IFCDIRECTION((0.,0.,-1.));
#4086=IFCEXTRUDEDAREASOLID(#4080,#4084,#4085,0.004999999888241291);
#4087=IFCCARTESIANPOINTLIST2D(((0.,0.),(0.6641407832503319,0.),(0.6641407832503319,0.03500000014901161),(0.,0.03500000014901161)));
#4088=IFCINDEXEDPOLYCURVE(#4087,(IFCLINEINDEX((1,2,3,4,1))),$);
#4089=IFCARBITRARYCLOSEDPROFILEDEF(.AREA.,$,#4088);
#4090=IFCCARTESIANPOINT((0.05000000074505806,-0.03500000014901161,0.02500000037252903));
#4091=IFCDIRECTION((0.,0.,1.));
#4092=IFCDIRECTION((1.,0.,0.));
#4093=IFCAXIS2PLACEMENT3D(#4090,#4091,#4092);
#4094=IFCDIRECTION((0.,0.,1.));
#4095=IFCEXTRUDEDAREASOLID(#4089,#4093,#4094,1.924999998882413);
#4096=IFCCARTESIANPOINTLIST2D(((0.,0.),(0.,-0.04000000000000001),(-0.11999999999999988,-0.04000000000000001),(-0.11999999999999988,-0.020000000000000004),(-0.020000000000000018,-0.020000000000000004),(-0.020000000000000018,0.)));
#4097=IFCINDEXEDPOLYCURVE(#4096,(IFCLINEINDEX((1,2,3,4,5,6,1))),$);
#4098=IFCARBITRARYCLOSEDPROFILEDEF(.AREA.,$,#4097);
#4099=IFCCARTESIANPOINT((0.6641407839953899,-0.03500000014901161,1.015000000372529));
#4100=IFCDIRECTION((0.,0.,1.));
#4101=IFCDIRECTION((1.,0.,0.));
#4102=IFCAXIS2PLACEMENT3D(#4099,#4100,#4101);
#4103=IFCDIRECTION((0.,0.,1.));
#4104=IFCEXTRUDEDAREASOLID(#4098,#4102,#4103,0.02);
#4105=IFCEXTRUDEDAREASOLID(#4106,#4109,#4113,0.02);
#4106=IFCARBITRARYCLOSEDPROFILEDEF(.AREA.,$,#4107);
#4107=IFCINDEXEDPOLYCURVE(#4108,(IFCLINEINDEX((1,2,3,4,5,6,1))),$);
#4108=IFCCARTESIANPOINTLIST2D(((0.,0.),(0.,0.04000000000000001),(-0.11999999999999988,0.04000000000000001),(-0.11999999999999988,0.020000000000000004),(-0.020000000000000018,0.020000000000000004),(-0.020000000000000018,0.)));
#4109=IFCAXIS2PLACEMENT3D(#4110,#4111,#4112);
#4110=IFCCARTESIANPOINT((0.6641407839953899,0.,1.015000000372529));
#4111=IFCDIRECTION((0.,0.,1.));
#4112=IFCDIRECTION((1.,0.,0.));
#4113=IFCDIRECTION((0.,0.,1.));
#4127=IFCCARTESIANPOINT((0.,0.,0.));
#4128=IFCDIRECTION((1.,0.,0.));
#4129=IFCDIRECTION((0.,0.,1.));
#4130=IFCAXIS2PLACEMENT3D(#4127,#4129,#4128);
#4131=IFCREPRESENTATIONMAP(#4130,#4242);
#4132=IFCCARTESIANPOINT((0.,0.,0.));
#4133=IFCDIRECTION((1.,0.,0.));
#4134=IFCDIRECTION((0.,1.,0.));
#4135=IFCDIRECTION((0.,0.,1.));
#4136=IFCCARTESIANTRANSFORMATIONOPERATOR3D(#4133,#4134,#4132,1.,#4135);
#4137=IFCMAPPEDITEM(#4131,#4136);
#4138=IFCSHAPEREPRESENTATION(#25,'Annotation','MappedRepresentation',(#4137));
#4164=IFCCARTESIANPOINTLIST3D(((0.,0.,0.),(1.3811171054840088,0.,0.),(1.3811171054840088,0.,2.),(0.,0.,2.)));
#4165=IFCINDEXEDPOLYCURVE(#4164,(IFCLINEINDEX((1,2,3,4,1))),$);
#4166=IFCSHAPEREPRESENTATION(#18,'Profile','Curve3D',(#4165));
#4167=IFCCARTESIANPOINTLIST2D(((0.,0.),(0.,2.),(1.3811171054840088,2.),(1.3811171054840088,0.),(1.3311171047389507,0.),(1.3311171047389507,1.949999999254942),(0.05000000074505806,1.949999999254942),(0.05000000074505806,0.)));
#4168=IFCINDEXEDPOLYCURVE(#4167,(IFCLINEINDEX((1,2,3,4,5,6,7,8,1))),$);
#4169=IFCARBITRARYCLOSEDPROFILEDEF(.AREA.,$,#4168);
#4170=IFCCARTESIANPOINT((0.,0.,0.));
#4171=IFCDIRECTION((0.,-1.,0.));
#4172=IFCDIRECTION((1.,0.,0.));
#4173=IFCAXIS2PLACEMENT3D(#4170,#4171,#4172);
#4174=IFCDIRECTION((0.,0.,-1.));
#4175=IFCEXTRUDEDAREASOLID(#4169,#4173,#4174,0.05000000074505806);
#4176=IFCCARTESIANPOINTLIST2D(((0.,0.),(1.2811171039938927,0.),(1.2811171039938927,0.10000000149011612),(0.,0.10000000149011612)));
#4177=IFCINDEXEDPOLYCURVE(#4176,(IFCLINEINDEX((1,2,3,4,1))),$);
#4178=IFCARBITRARYCLOSEDPROFILEDEF(.AREA.,$,#4177);
#4179=IFCCARTESIANPOINT((0.05000000074505806,0.,0.));
#4180=IFCDIRECTION((0.,0.,1.));
#4181=IFCDIRECTION((1.,0.,0.));
#4182=IFCAXIS2PLACEMENT3D(#4179,#4180,#4181);
#4183=IFCDIRECTION((0.,0.,1.));
#4184=IFCEXTRUDEDAREASOLID(#4178,#4182,#4183,0.02500000037252903);
#4185=IFCCARTESIANPOINTLIST2D(((0.,0.),(0.,2.025000002235174),(1.4311171099543571,2.025000002235174),(1.4311171099543571,0.),(1.356117106974125,0.),(1.356117106974125,1.949999999254942),(0.07500000298023224,1.949999999254942),(0.07500000298023224,0.)));
#4186=IFCINDEXEDPOLYCURVE(#4185,(IFCLINEINDEX((1,2,3,4,5,6,7,8,1))),$);
#4187=IFCARBITRARYCLOSEDPROFILEDEF(.AREA.,$,#4186);
#4188=IFCCARTESIANPOINT((-0.02500000223517418,-0.004999999888241291,0.));
#4189=IFCDIRECTION((0.,-1.,0.));
#4190=IFCDIRECTION((1.,0.,0.));
#4191=IFCAXIS2PLACEMENT3D(#4188,#4189,#4190);
#4192=IFCDIRECTION((0.,0.,-1.));
#4193=IFCEXTRUDEDAREASOLID(#4187,#4191,#4192,0.004999999888241291);
#4194=IFCCARTESIANPOINTLIST2D(((0.,0.),(0.,2.025000002235174),(1.4311171099543571,2.025000002235174),(1.4311171099543571,0.),(1.356117106974125,0.),(1.356117106974125,1.949999999254942),(0.07500000298023224,1.949999999254942),(0.07500000298023224,0.)));
#4195=IFCINDEXEDPOLYCURVE(#4194,(IFCLINEINDEX((1,2,3,4,5,6,7,8,1))),$);
#4196=IFCARBITRARYCLOSEDPROFILEDEF(.AREA.,$,#4195);
#4197=IFCCARTESIANPOINT((-0.02500000223517418,0.05000000074505806,0.));
#4198=IFCDIRECTION((0.,-1.,0.));
#4199=IFCDIRECTION((1.,0.,0.));
#4200=IFCAXIS2PLACEMENT3D(#4197,#4198,#4199);
#4201=IFCDIRECTION((0.,0.,-1.));
#4202=IFCEXTRUDEDAREASOLID(#4196,#4200,#4201,0.004999999888241291);
#4203=IFCCARTESIANPOINTLIST2D(((0.,0.),(1.2811171039938927,0.),(1.2811171039938927,0.03500000014901161),(0.,0.03500000014901161)));
#4204=IFCINDEXEDPOLYCURVE(#4203,(IFCLINEINDEX((1,2,3,4,1))),$);
#4205=IFCARBITRARYCLOSEDPROFILEDEF(.AREA.,$,#4204);
#4206=IFCCARTESIANPOINT((0.05000000074505806,-0.03500000014901161,0.02500000037252903));
#4207=IFCDIRECTION((0.,0.,1.));
#4208=IFCDIRECTION((1.,0.,0.));
#4209=IFCAXIS2PLACEMENT3D(#4206,#4207,#4208);
#4210=IFCDIRECTION((0.,0.,1.));
#4211=IFCEXTRUDEDAREASOLID(#4205,#4209,#4210,1.924999998882413);
#4212=IFCCARTESIANPOINTLIST2D(((0.,0.),(0.,-0.04000000000000001),(-0.11999999999999988,-0.04000000000000001),(-0.11999999999999988,-0.020000000000000004),(-0.020000000000000018,-0.020000000000000004),(-0.020000000000000018,0.)));
#4213=IFCINDEXEDPOLYCURVE(#4212,(IFCLINEINDEX((1,2,3,4,5,6,1))),$);
#4214=IFCARBITRARYCLOSEDPROFILEDEF(.AREA.,$,#4213);
#4215=IFCCARTESIANPOINT((1.2811171047389507,-0.03500000014901161,1.015000000372529));
#4216=IFCDIRECTION((0.,0.,1.));
#4217=IFCDIRECTION((1.,0.,0.));
#4218=IFCAXIS2PLACEMENT3D(#4215,#4216,#4217);
#4219=IFCDIRECTION((0.,0.,1.));
#4220=IFCEXTRUDEDAREASOLID(#4214,#4218,#4219,0.02);
#4221=IFCEXTRUDEDAREASOLID(#4222,#4225,#4229,0.02);
#4222=IFCARBITRARYCLOSEDPROFILEDEF(.AREA.,$,#4223);
#4223=IFCINDEXEDPOLYCURVE(#4224,(IFCLINEINDEX((1,2,3,4,5,6,1))),$);
#4224=IFCCARTESIANPOINTLIST2D(((0.,0.),(0.,0.04000000000000001),(-0.11999999999999988,0.04000000000000001),(-0.11999999999999988,0.020000000000000004),(-0.020000000000000018,0.020000000000000004),(-0.020000000000000018,0.)));
#4225=IFCAXIS2PLACEMENT3D(#4226,#4227,#4228);
#4226=IFCCARTESIANPOINT((1.2811171047389507,0.,1.015000000372529));
#4227=IFCDIRECTION((0.,0.,1.));
#4228=IFCDIRECTION((1.,0.,0.));
#4229=IFCDIRECTION((0.,0.,1.));
#4230=IFCSHAPEREPRESENTATION(#11,'Body','SweptSolid',(#4175,#4211,#4220,#4221,#4184,#4193,#4202));
#4231=IFCCARTESIANPOINTLIST2D(((0.,0.),(0.05000000074505806,0.),(0.05000000074505806,0.05000000074505806),(0.,0.05000000074505806)));
#4232=IFCINDEXEDPOLYCURVE(#4231,(IFCLINEINDEX((1,2,3,4,1))),$);
#4233=IFCINDEXEDPOLYCURVE(#4234,(IFCLINEINDEX((1,2,3,4,1))),$);
#4234=IFCCARTESIANPOINTLIST2D(((1.3811171054840088,0.),(1.3311171047389507,0.),(1.3311171047389507,0.05000000074505806),(1.3811171054840088,0.05000000074505806)));
#4235=IFCCARTESIANPOINTLIST2D(((-0.5905585512518883,-0.03500000014901161),(0.6905585527420044,-0.03500000014901161),(0.6905585527420044,0.),(-0.5905585512518883,0.)));
#4236=IFCINDEXEDPOLYCURVE(#4235,(IFCLINEINDEX((1,2,3,4,1))),$);
#4237=IFCSHAPEREPRESENTATION(#24,'Body','Curve2D',(#4232,#4233,#4236));
#4238=IFCCARTESIANPOINTLIST2D(((0.49839098714292046,-0.08158742826746535),(0.8827261183410883,-0.08158742826746535)));
#4239=IFCINDEXEDPOLYCURVE(#4238,$,$);
#4240=IFCCARTESIANPOINTLIST2D(((0.5283909871429204,-0.050529142855162856),(0.49839098714292046,-0.08158742826746535),(0.5283909871429204,-0.11264571367976783)));
#4241=IFCINDEXEDPOLYCURVE(#4240,$,$);
#4242=IFCSHAPEREPRESENTATION(#25,'Annotation','Curve2D',(#4239,#4241));
#4243=IFCCARTESIANPOINTLIST2D(((0.,0.),(1.3811171054840088,0.),(1.3811171054840088,2.),(0.,2.)));
#4244=IFCINDEXEDPOLYCURVE(#4243,(IFCLINEINDEX((1,2,3,4,1))),$);
#4245=IFCARBITRARYCLOSEDPROFILEDEF(.AREA.,$,#4244);
#4246=IFCCARTESIANPOINT((0.,-0.6000000238418579,0.));
#4247=IFCDIRECTION((0.,-1.,0.));
#4248=IFCDIRECTION((1.,0.,0.));
#4249=IFCAXIS2PLACEMENT3D(#4246,#4247,#4248);
#4250=IFCDIRECTION((0.,0.,-1.));
#4251=IFCEXTRUDEDAREASOLID(#4245,#4249,#4250,1.2);
#4252=IFCSHAPEREPRESENTATION(#11,'Body','SweptSolid',(#4251));
#4258=IFCCARTESIANPOINT((1.444978838164349,0.0999992752351373,0.));
#4259=IFCDIRECTION((0.,0.,1.));
#4260=IFCDIRECTION((-0.9999999999996777,8.026785280883869E-07,0.));
#4261=IFCAXIS2PLACEMENT3D(#4258,#4259,#4260);
#4262=IFCLOCALPLACEMENT(#1085,#4261);
#4263=IFCCARTESIANPOINT((1.1102230246251565E-16,0.,0.));
#4264=IFCDIRECTION((0.,0.,1.));
#4265=IFCDIRECTION((0.9999999999999999,4.235164736271502E-22,0.));
#4266=IFCAXIS2PLACEMENT3D(#4263,#4264,#4265);
#4267=IFCLOCALPLACEMENT(#4262,#4266);
#4276=IFCWINDOWTYPE('0rkDa8NNHDRhkQYf9rrTXS',$,'Guest-2-GF',$,$,(#4277),(#4279,#4287,#4335),$,$,.WINDOW.,.SINGLE_PANEL.,$,$);
#4277=IFCPROPERTYSET('23UxCrR_13Zg9Q7gWXawkz',$,'BBIM_Window',$,(#4278));
#4278=IFCPROPERTYSINGLEVALUE('Data',$,IFCTEXT('{"window_type": "SINGLE_PANEL", "overall_height": 0.8999999761581421, "overall_width": 0.7821341753005981, "lining_properties": {"lining_depth": 0.05000000074505806, "lining_thickness": 0.05000000074505806, "lining_offset": 0.05000000074505806, "lining_to_panel_offset_x": 0.02500000037252903, "lining_to_panel_offset_y": 0.02500000037252903}, "panel_properties": {"frame_depth": [0.03500000014901161, 0.03500000014901161, 0.03500000014901161], "frame_thickness": [0.03500000014901161, 0.03500000014901161, 0.03500000014901161]}}'),$);
#4279=IFCREPRESENTATIONMAP(#4280,#4284);
#4280=IFCAXIS2PLACEMENT3D(#4281,#4282,#4283);
#4281=IFCCARTESIANPOINT((0.,0.,0.));
#4282=IFCDIRECTION((0.,0.,1.));
#4283=IFCDIRECTION((1.,0.,0.));
#4284=IFCSHAPEREPRESENTATION(#18,'Profile','Curve3D',(#4285));
#4285=IFCINDEXEDPOLYCURVE(#4286,(IFCLINEINDEX((1,2,3,4,1))),$);
#4286=IFCCARTESIANPOINTLIST3D(((0.,0.,0.),(0.7821341753005981,0.,0.),(0.7821341753005981,0.,0.8999999761581421),(0.,0.,0.8999999761581421)));
#4287=IFCREPRESENTATIONMAP(#4288,#4292);
#4288=IFCAXIS2PLACEMENT3D(#4289,#4290,#4291);
#4289=IFCCARTESIANPOINT((0.,0.,0.));
#4290=IFCDIRECTION((0.,0.,1.));
#4291=IFCDIRECTION((1.,0.,0.));
#4292=IFCSHAPEREPRESENTATION(#11,'Body','SweptSolid',(#4293,#4304,#4315,#4326));
#4293=IFCEXTRUDEDAREASOLID(#4294,#4299,#4303,0.009999999776482582);
#4294=IFCARBITRARYPROFILEDEFWITHVOIDS(.AREA.,$,#4295,(#4297));
#4295=IFCINDEXEDPOLYCURVE(#4296,(IFCLINEINDEX((1,2,3,4,1))),$);
#4296=IFCCARTESIANPOINTLIST2D(((0.,0.),(0.7821341753005981,0.),(0.7821341753005981,0.8999999761581421),(0.,0.8999999761581421)));
#4297=IFCINDEXEDPOLYCURVE(#4298,(IFCLINEINDEX((1,2,3,4,1))),$);
#4298=IFCCARTESIANPOINTLIST2D(((0.02500000037252903,0.02500000037252903),(0.7571341749280691,0.02500000037252903),(0.7571341749280691,0.8749999757856131),(0.02500000037252903,0.8749999757856131)));
#4299=IFCAXIS2PLACEMENT3D(#4300,#4301,#4302);
#4300=IFCCARTESIANPOINT((0.,0.09000000171363354,0.));
#4301=IFCDIRECTION((0.,-1.,0.));
#4302=IFCDIRECTION((1.,0.,0.));
#4303=IFCDIRECTION((0.,0.,-1.));
#4304=IFCEXTRUDEDAREASOLID(#4305,#4310,#4314,0.04000000096857548);
#4305=IFCARBITRARYPROFILEDEFWITHVOIDS(.AREA.,$,#4306,(#4308));
#4306=IFCINDEXEDPOLYCURVE(#4307,(IFCLINEINDEX((1,2,3,4,1))),$);
#4307=IFCCARTESIANPOINTLIST2D(((0.,0.),(0.7821341753005981,0.),(0.7821341753005981,0.8999999761581421),(0.,0.8999999761581421)));
#4308=IFCINDEXEDPOLYCURVE(#4309,(IFCLINEINDEX((1,2,3,4,1))),$);
#4309=IFCCARTESIANPOINTLIST2D(((0.05000000074505806,0.05000000074505806),(0.7321341745555401,0.05000000074505806),(0.7321341745555401,0.849999975413084),(0.05000000074505806,0.849999975413084)));
#4310=IFCAXIS2PLACEMENT3D(#4311,#4312,#4313);
#4311=IFCCARTESIANPOINT((0.,0.05000000074505806,0.));
#4312=IFCDIRECTION((0.,-1.,0.));
#4313=IFCDIRECTION((1.,0.,0.));
#4314=IFCDIRECTION((0.,0.,-1.));
#4315=IFCEXTRUDEDAREASOLID(#4316,#4321,#4325,0.03500000014901161);
#4316=IFCARBITRARYPROFILEDEFWITHVOIDS(.AREA.,$,#4317,(#4319));
#4317=IFCINDEXEDPOLYCURVE(#4318,(IFCLINEINDEX((1,2,3,4,1))),$);
#4318=IFCCARTESIANPOINTLIST2D(((0.,0.),(0.7321341745555401,0.),(0.7321341745555401,0.849999975413084),(0.,0.849999975413084)));
#4319=IFCINDEXEDPOLYCURVE(#4320,(IFCLINEINDEX((1,2,3,4,1))),$);
#4320=IFCCARTESIANPOINTLIST2D(((0.03500000014901161,0.03500000014901161),(0.6971341744065285,0.03500000014901161),(0.6971341744065285,0.8149999752640724),(0.03500000014901161,0.8149999752640724)));
#4321=IFCAXIS2PLACEMENT3D(#4322,#4323,#4324);
#4322=IFCCARTESIANPOINT((0.02500000037252903,0.09000000171363354,0.02500000037252903));
#4323=IFCDIRECTION((0.,-1.,0.));
#4324=IFCDIRECTION((1.,0.,0.));
#4325=IFCDIRECTION((0.,0.,-1.));
#4326=IFCEXTRUDEDAREASOLID(#4327,#4330,#4334,0.01);
#4327=IFCARBITRARYCLOSEDPROFILEDEF(.AREA.,$,#4328);
#4328=IFCINDEXEDPOLYCURVE(#4329,(IFCLINEINDEX((1,2,3,4,1))),$);
#4329=IFCCARTESIANPOINTLIST2D(((0.03500000014901161,0.03500000014901161),(0.6971341744065285,0.03500000014901161),(0.6971341744065285,0.8149999752640724),(0.03500000014901161,0.8149999752640724)));
#4330=IFCAXIS2PLACEMENT3D(#4331,#4332,#4333);
#4331=IFCCARTESIANPOINT((0.02500000037252903,0.10250000178813934,0.02500000037252903));
#4332=IFCDIRECTION((0.,-1.,0.));
#4333=IFCDIRECTION((1.,0.,0.));
#4334=IFCDIRECTION((0.,0.,-1.));
#4335=IFCREPRESENTATIONMAP(#4336,#4340);
#4336=IFCAXIS2PLACEMENT3D(#4337,#4338,#4339);
#4337=IFCCARTESIANPOINT((0.,0.,0.));
#4338=IFCDIRECTION((0.,0.,1.));
#4339=IFCDIRECTION((1.,0.,0.));
#4340=IFCSHAPEREPRESENTATION(#24,'Body','Curve2D',(#4341,#4343,#4345,#4347,#4349,#4351,#4353,#4355));
#4341=IFCINDEXEDPOLYCURVE(#4342,$,$);
#4342=IFCCARTESIANPOINTLIST2D(((0.05000000074505806,0.05000000074505806),(0.7321341745555401,0.05000000074505806)));
#4343=IFCINDEXEDPOLYCURVE(#4344,(IFCLINEINDEX((1,2,3,4,5,6,1))),$);
#4344=IFCCARTESIANPOINTLIST2D(((0.,0.10000000149011612),(0.02500000037252903,0.10000000149011612),(0.02500000037252903,0.09000000171363354),(0.05000000074505806,0.09000000171363354),(0.05000000074505806,0.05000000074505806),(0.,0.05000000074505806)));
#4345=IFCINDEXEDPOLYCURVE(#4346,(IFCLINEINDEX((1,2,3,4,5,6,1))),$);
#4346=IFCCARTESIANPOINTLIST2D(((0.7821341753005981,0.10000000149011612),(0.7571341749280691,0.10000000149011612),(0.7571341749280691,0.09000000171363354),(0.7321341745555401,0.09000000171363354),(0.7321341745555401,0.05000000074505806),(0.7821341753005981,0.05000000074505806)));
#4347=IFCINDEXEDPOLYCURVE(#4348,(IFCLINEINDEX((1,2,3,4,1))),$);
#4348=IFCCARTESIANPOINTLIST2D(((0.02500000037252903,0.09000000171363354),(0.06000000052154064,0.09000000171363354),(0.06000000052154064,0.12500000186264515),(0.02500000037252903,0.12500000186264515)));
#4349=IFCINDEXEDPOLYCURVE(#4350,(IFCLINEINDEX((1,2,3,4,1))),$);
#4350=IFCCARTESIANPOINTLIST2D(((0.7571341749280691,0.09000000171363354),(0.7221341747790575,0.09000000171363354),(0.7221341747790575,0.12500000186264515),(0.7571341749280691,0.12500000186264515)));
#4351=IFCINDEXEDPOLYCURVE(#4352,$,$);
#4352=IFCCARTESIANPOINTLIST2D(((0.06000000052154064,0.09000000171363354),(0.7221341747790575,0.09000000171363354)));
#4353=IFCINDEXEDPOLYCURVE(#4354,$,$);
#4354=IFCCARTESIANPOINTLIST2D(((0.06000000052154064,0.12500000186264515),(0.7221341747790575,0.12500000186264515)));
#4355=IFCINDEXEDPOLYCURVE(#4356,$,$);
#4356=IFCCARTESIANPOINTLIST2D(((0.06000000052154064,0.10750000178813934),(0.7221341747790575,0.10750000178813934)));
#4357=IFCWINDOW('1GBijcrezEZOc1iCH5TpeG',$,'Window',$,$,#4618,#4366,$,0.8999999761581421,0.9509153366088867,$,.SINGLE_PANEL.,$);
#4359=IFCCARTESIANPOINT((0.,0.,0.));
#4360=IFCDIRECTION((1.,0.,0.));
#4361=IFCDIRECTION((0.,1.,0.));
#4362=IFCDIRECTION((0.,0.,1.));
#4363=IFCCARTESIANTRANSFORMATIONOPERATOR3D(#4360,#4361,#4359,1.,#4362);
#4364=IFCMAPPEDITEM(#2333,#4363);
#4365=IFCSHAPEREPRESENTATION(#18,'Profile','MappedRepresentation',(#4364));
#4366=IFCPRODUCTDEFINITIONSHAPE($,$,(#4365,#4373,#4380));
#4367=IFCCARTESIANPOINT((0.,0.,0.));
#4368=IFCDIRECTION((1.,0.,0.));
#4369=IFCDIRECTION((0.,1.,0.));
#4370=IFCDIRECTION((0.,0.,1.));
#4371=IFCCARTESIANTRANSFORMATIONOPERATOR3D(#4368,#4369,#4367,1.,#4370);
#4372=IFCMAPPEDITEM(#2381,#4371);
#4373=IFCSHAPEREPRESENTATION(#11,'Body','MappedRepresentation',(#4372));
#4374=IFCCARTESIANPOINT((0.,0.,0.));
#4375=IFCDIRECTION((1.,0.,0.));
#4376=IFCDIRECTION((0.,1.,0.));
#4377=IFCDIRECTION((0.,0.,1.));
#4378=IFCCARTESIANTRANSFORMATIONOPERATOR3D(#4375,#4376,#4374,1.,#4377);
#4379=IFCMAPPEDITEM(#2403,#4378);
#4380=IFCSHAPEREPRESENTATION(#24,'Body','MappedRepresentation',(#4379));
#4381=IFCOPENINGELEMENT('0QXbPf83H8jxYxcU_aqLbp',$,'Opening',$,$,#4613,#4394,$,.OPENING.);
#4387=IFCCARTESIANPOINT((0.,0.,0.));
#4388=IFCDIRECTION((1.,0.,0.));
#4389=IFCDIRECTION((0.,1.,0.));
#4390=IFCDIRECTION((0.,0.,1.));
#4391=IFCCARTESIANTRANSFORMATIONOPERATOR3D(#4388,#4389,#4387,1.,#4390);
#4392=IFCMAPPEDITEM(#2448,#4391);
#4393=IFCSHAPEREPRESENTATION(#11,'Body','MappedRepresentation',(#4392));
#4394=IFCPRODUCTDEFINITIONSHAPE($,$,(#4393));
#4395=IFCRELVOIDSELEMENT('3ZiIt1pIP7eBIdGfM8bVUT',$,$,$,#214,#4381);
#4401=IFCRELFILLSELEMENT('3TdxAdMm1AYQA25qgQU33k',$,$,$,#4381,#4357);
#4425=IFCCARTESIANPOINTLIST2D(((0.,0.),(0.9509153366088867,0.),(0.9509153366088867,0.8999999761581421),(0.,0.8999999761581421)));
#4426=IFCINDEXEDPOLYCURVE(#4425,(IFCLINEINDEX((1,2,3,4,1))),$);
#4427=IFCCARTESIANPOINTLIST2D(((0.02500000037252903,0.02500000037252903),(0.9259153362363577,0.02500000037252903),(0.9259153362363577,0.8749999757856131),(0.02500000037252903,0.8749999757856131)));
#4428=IFCINDEXEDPOLYCURVE(#4427,(IFCLINEINDEX((1,2,3,4,1))),$);
#4429=IFCARBITRARYPROFILEDEFWITHVOIDS(.AREA.,$,#4426,(#4428));
#4430=IFCCARTESIANPOINT((0.,0.09000000171363354,0.));
#4431=IFCDIRECTION((0.,-1.,0.));
#4432=IFCDIRECTION((1.,0.,0.));
#4433=IFCAXIS2PLACEMENT3D(#4430,#4431,#4432);
#4434=IFCDIRECTION((0.,0.,-1.));
#4435=IFCEXTRUDEDAREASOLID(#4429,#4433,#4434,0.009999999776482582);
#4436=IFCCARTESIANPOINTLIST2D(((0.,0.),(0.9509153366088867,0.),(0.9509153366088867,0.8999999761581421),(0.,0.8999999761581421)));
#4437=IFCINDEXEDPOLYCURVE(#4436,(IFCLINEINDEX((1,2,3,4,1))),$);
#4438=IFCCARTESIANPOINTLIST2D(((0.05000000074505806,0.05000000074505806),(0.9009153358638287,0.05000000074505806),(0.9009153358638287,0.849999975413084),(0.05000000074505806,0.849999975413084)));
#4439=IFCINDEXEDPOLYCURVE(#4438,(IFCLINEINDEX((1,2,3,4,1))),$);
#4440=IFCARBITRARYPROFILEDEFWITHVOIDS(.AREA.,$,#4437,(#4439));
#4441=IFCCARTESIANPOINT((0.,0.05000000074505806,0.));
#4442=IFCDIRECTION((0.,-1.,0.));
#4443=IFCDIRECTION((1.,0.,0.));
#4444=IFCAXIS2PLACEMENT3D(#4441,#4442,#4443);
#4445=IFCDIRECTION((0.,0.,-1.));
#4446=IFCEXTRUDEDAREASOLID(#4440,#4444,#4445,0.04000000096857548);
#4447=IFCCARTESIANPOINTLIST2D(((0.,0.),(0.9009153358638287,0.),(0.9009153358638287,0.849999975413084),(0.,0.849999975413084)));
#4448=IFCINDEXEDPOLYCURVE(#4447,(IFCLINEINDEX((1,2,3,4,1))),$);
#4449=IFCCARTESIANPOINTLIST2D(((0.03500000014901161,0.03500000014901161),(0.865915335714817,0.03500000014901161),(0.865915335714817,0.8149999752640724),(0.03500000014901161,0.8149999752640724)));
#4450=IFCINDEXEDPOLYCURVE(#4449,(IFCLINEINDEX((1,2,3,4,1))),$);
#4451=IFCARBITRARYPROFILEDEFWITHVOIDS(.AREA.,$,#4448,(#4450));
#4452=IFCCARTESIANPOINT((0.02500000037252903,0.09000000171363354,0.02500000037252903));
#4453=IFCDIRECTION((0.,-1.,0.));
#4454=IFCDIRECTION((1.,0.,0.));
#4455=IFCAXIS2PLACEMENT3D(#4452,#4453,#4454);
#4456=IFCDIRECTION((0.,0.,-1.));
#4457=IFCEXTRUDEDAREASOLID(#4451,#4455,#4456,0.03500000014901161);
#4458=IFCINDEXEDPOLYCURVE(#4459,(IFCLINEINDEX((1,2,3,4,1))),$);
#4459=IFCCARTESIANPOINTLIST2D(((0.03500000014901161,0.03500000014901161),(0.865915335714817,0.03500000014901161),(0.865915335714817,0.8149999752640724),(0.03500000014901161,0.8149999752640724)));
#4460=IFCARBITRARYCLOSEDPROFILEDEF(.AREA.,$,#4458);
#4461=IFCCARTESIANPOINT((0.02500000037252903,0.10250000178813934,0.02500000037252903));
#4462=IFCDIRECTION((0.,-1.,0.));
#4463=IFCDIRECTION((1.,0.,0.));
#4464=IFCAXIS2PLACEMENT3D(#4461,#4462,#4463);
#4465=IFCDIRECTION((0.,0.,-1.));
#4466=IFCEXTRUDEDAREASOLID(#4460,#4464,#4465,0.01);
#4468=IFCSHAPEREPRESENTATION(#11,'Body','SweptSolid',(#4435,#4544,#4555,#4446));
#4469=IFCSHAPEASPECT((#4468),'Lining',$,.T.,#4366);
#4470=IFCSHAPEREPRESENTATION(#11,'Body','SweptSolid',(#4457,#4566));
#4471=IFCSHAPEASPECT((#4470),'Framing',$,.T.,#4366);
#4472=IFCSHAPEREPRESENTATION(#11,'Body','SweptSolid',(#4466,#4575));
#4473=IFCSHAPEASPECT((#4472),'Glazing',$,.T.,#4366);
#4531=IFCCARTESIANPOINTLIST3D(((0.,0.,0.),(0.9509153366088867,0.,0.),(0.9509153366088867,0.,0.8999999761581421),(0.,0.,0.8999999761581421)));
#4532=IFCINDEXEDPOLYCURVE(#4531,(IFCLINEINDEX((1,2,3,4,1))),$);
#4533=IFCSHAPEREPRESENTATION(#18,'Profile','Curve3D',(#4532));
#4534=IFCCARTESIANPOINTLIST2D(((0.,0.),(0.9509153366088867,0.),(0.9509153366088867,0.8999999761581421),(0.,0.8999999761581421)));
#4535=IFCINDEXEDPOLYCURVE(#4534,(IFCLINEINDEX((1,2,3,4,1))),$);
#4536=IFCCARTESIANPOINTLIST2D(((0.02500000037252903,0.02500000037252903),(0.9259153362363577,0.02500000037252903),(0.9259153362363577,0.8749999757856131),(0.02500000037252903,0.8749999757856131)));
#4537=IFCINDEXEDPOLYCURVE(#4536,(IFCLINEINDEX((1,2,3,4,1))),$);
#4538=IFCARBITRARYPROFILEDEFWITHVOIDS(.AREA.,$,#4535,(#4537));
#4539=IFCCARTESIANPOINT((0.,0.09000000171363354,0.));
#4540=IFCDIRECTION((0.,-1.,0.));
#4541=IFCDIRECTION((1.,0.,0.));
#4542=IFCAXIS2PLACEMENT3D(#4539,#4540,#4541);
#4543=IFCDIRECTION((0.,0.,-1.));
#4544=IFCEXTRUDEDAREASOLID(#4538,#4542,#4543,0.009999999776482582);
#4545=IFCCARTESIANPOINTLIST2D(((0.,0.),(0.9509153366088867,0.),(0.9509153366088867,0.8999999761581421),(0.,0.8999999761581421)));
#4546=IFCINDEXEDPOLYCURVE(#4545,(IFCLINEINDEX((1,2,3,4,1))),$);
#4547=IFCCARTESIANPOINTLIST2D(((0.05000000074505806,0.05000000074505806),(0.9009153358638287,0.05000000074505806),(0.9009153358638287,0.849999975413084),(0.05000000074505806,0.849999975413084)));
#4548=IFCINDEXEDPOLYCURVE(#4547,(IFCLINEINDEX((1,2,3,4,1))),$);
#4549=IFCARBITRARYPROFILEDEFWITHVOIDS(.AREA.,$,#4546,(#4548));
#4550=IFCCARTESIANPOINT((0.,0.05000000074505806,0.));
#4551=IFCDIRECTION((0.,-1.,0.));
#4552=IFCDIRECTION((1.,0.,0.));
#4553=IFCAXIS2PLACEMENT3D(#4550,#4551,#4552);
#4554=IFCDIRECTION((0.,0.,-1.));
#4555=IFCEXTRUDEDAREASOLID(#4549,#4553,#4554,0.04000000096857548);
#4556=IFCCARTESIANPOINTLIST2D(((0.,0.),(0.9009153358638287,0.),(0.9009153358638287,0.849999975413084),(0.,0.849999975413084)));
#4557=IFCINDEXEDPOLYCURVE(#4556,(IFCLINEINDEX((1,2,3,4,1))),$);
#4558=IFCCARTESIANPOINTLIST2D(((0.03500000014901161,0.03500000014901161),(0.865915335714817,0.03500000014901161),(0.865915335714817,0.8149999752640724),(0.03500000014901161,0.8149999752640724)));
#4559=IFCINDEXEDPOLYCURVE(#4558,(IFCLINEINDEX((1,2,3,4,1))),$);
#4560=IFCARBITRARYPROFILEDEFWITHVOIDS(.AREA.,$,#4557,(#4559));
#4561=IFCCARTESIANPOINT((0.02500000037252903,0.09000000171363354,0.02500000037252903));
#4562=IFCDIRECTION((0.,-1.,0.));
#4563=IFCDIRECTION((1.,0.,0.));
#4564=IFCAXIS2PLACEMENT3D(#4561,#4562,#4563);
#4565=IFCDIRECTION((0.,0.,-1.));
#4566=IFCEXTRUDEDAREASOLID(#4560,#4564,#4565,0.03500000014901161);
#4567=IFCINDEXEDPOLYCURVE(#4568,(IFCLINEINDEX((1,2,3,4,1))),$);
#4568=IFCCARTESIANPOINTLIST2D(((0.03500000014901161,0.03500000014901161),(0.865915335714817,0.03500000014901161),(0.865915335714817,0.8149999752640724),(0.03500000014901161,0.8149999752640724)));
#4569=IFCARBITRARYCLOSEDPROFILEDEF(.AREA.,$,#4567);
#4570=IFCCARTESIANPOINT((0.02500000037252903,0.10250000178813934,0.02500000037252903));
#4571=IFCDIRECTION((0.,-1.,0.));
#4572=IFCDIRECTION((1.,0.,0.));
#4573=IFCAXIS2PLACEMENT3D(#4570,#4571,#4572);
#4574=IFCDIRECTION((0.,0.,-1.));
#4575=IFCEXTRUDEDAREASOLID(#4569,#4573,#4574,0.01);
#4576=IFCSHAPEREPRESENTATION(#11,'Body','SweptSolid',(#4544,#4555,#4566,#4575));
#4577=IFCCARTESIANPOINTLIST2D(((0.05000000074505806,0.05000000074505806),(0.9009153358638287,0.05000000074505806)));
#4578=IFCINDEXEDPOLYCURVE(#4577,$,$);
#4579=IFCCARTESIANPOINTLIST2D(((0.,0.10000000149011612),(0.02500000037252903,0.10000000149011612),(0.02500000037252903,0.09000000171363354),(0.05000000074505806,0.09000000171363354),(0.05000000074505806,0.05000000074505806),(0.,0.05000000074505806)));
#4580=IFCINDEXEDPOLYCURVE(#4579,(IFCLINEINDEX((1,2,3,4,5,6,1))),$);
#4581=IFCCARTESIANPOINTLIST2D(((0.9509153366088867,0.10000000149011612),(0.9259153362363577,0.10000000149011612),(0.9259153362363577,0.09000000171363354),(0.9009153358638287,0.09000000171363354),(0.9009153358638287,0.05000000074505806),(0.9509153366088867,0.05000000074505806)));
#4582=IFCINDEXEDPOLYCURVE(#4581,(IFCLINEINDEX((1,2,3,4,5,6,1))),$);
#4583=IFCCARTESIANPOINTLIST2D(((0.02500000037252903,0.09000000171363354),(0.06000000052154064,0.09000000171363354),(0.06000000052154064,0.12500000186264515),(0.02500000037252903,0.12500000186264515)));
#4584=IFCINDEXEDPOLYCURVE(#4583,(IFCLINEINDEX((1,2,3,4,1))),$);
#4585=IFCINDEXEDPOLYCURVE(#4586,(IFCLINEINDEX((1,2,3,4,1))),$);
#4586=IFCCARTESIANPOINTLIST2D(((0.9259153362363577,0.09000000171363354),(0.8909153360873461,0.09000000171363354),(0.8909153360873461,0.12500000186264515),(0.9259153362363577,0.12500000186264515)));
#4587=IFCCARTESIANPOINTLIST2D(((0.06000000052154064,0.09000000171363354),(0.8909153360873461,0.09000000171363354)));
#4588=IFCINDEXEDPOLYCURVE(#4587,$,$);
#4589=IFCINDEXEDPOLYCURVE(#4590,$,$);
#4590=IFCCARTESIANPOINTLIST2D(((0.06000000052154064,0.12500000186264515),(0.8909153360873461,0.12500000186264515)));
#4591=IFCINDEXEDPOLYCURVE(#4592,$,$);
#4592=IFCCARTESIANPOINTLIST2D(((0.06000000052154064,0.10750000178813934),(0.8909153360873461,0.10750000178813934)));
#4593=IFCSHAPEREPRESENTATION(#24,'Body','Curve2D',(#4578,#4580,#4582,#4584,#4585,#4588,#4589,#4591));
#4594=IFCCARTESIANPOINTLIST2D(((0.,0.),(0.9509153366088867,0.),(0.9509153366088867,0.8999999761581421),(0.,0.8999999761581421)));
#4595=IFCINDEXEDPOLYCURVE(#4594,(IFCLINEINDEX((1,2,3,4,1))),$);
#4596=IFCARBITRARYCLOSEDPROFILEDEF(.AREA.,$,#4595);
#4597=IFCCARTESIANPOINT((0.,-0.6000000238418579,0.));
#4598=IFCDIRECTION((0.,-1.,0.));
#4599=IFCDIRECTION((1.,0.,0.));
#4600=IFCAXIS2PLACEMENT3D(#4597,#4598,#4599);
#4601=IFCDIRECTION((0.,0.,-1.));
#4602=IFCEXTRUDEDAREASOLID(#4596,#4600,#4601,1.2);
#4603=IFCSHAPEREPRESENTATION(#11,'Body','SweptSolid',(#4602));
#4609=IFCCARTESIANPOINT((2.732602079143685,5.089500838550975E-07,1.));
#4610=IFCDIRECTION((0.,0.,1.));
#4611=IFCDIRECTION((0.9999999999999929,1.1920928244535129E-07,0.));
#4612=IFCAXIS2PLACEMENT3D(#4609,#4610,#4611);
#4613=IFCLOCALPLACEMENT(#529,#4612);
#4614=IFCCARTESIANPOINT((-4.440892098500626E-16,4.440892098500626E-16,0.));
#4615=IFCDIRECTION((0.,0.,1.));
#4616=IFCDIRECTION((1.,0.,0.));
#4617=IFCAXIS2PLACEMENT3D(#4614,#4615,#4616);
#4618=IFCLOCALPLACEMENT(#4613,#4617);
#4624=IFCCARTESIANPOINT((1.746419957799958,2.384185791015625E-07,1.));
#4625=IFCDIRECTION((0.,0.,1.));
#4626=IFCDIRECTION((0.9999999999999716,-2.3841857910155572E-07,0.));
#4627=IFCAXIS2PLACEMENT3D(#4624,#4625,#4626);
#4628=IFCLOCALPLACEMENT(#625,#4627);
#4629=IFCCARTESIANPOINT((-4.440892098500626E-16,0.,0.));
#4630=IFCDIRECTION((0.,0.,1.));
#4631=IFCDIRECTION((1.,0.,0.));
#4632=IFCAXIS2PLACEMENT3D(#4629,#4630,#4631);
#4633=IFCLOCALPLACEMENT(#4628,#4632);
#4634=IFCWINDOWTYPE('1gsvog3nP5h8N5DbVUFFiL',$,'Maid-GF',$,$,(#4635),(#4637,#4645,#4693),$,$,.WINDOW.,.SINGLE_PANEL.,$,$);
#4635=IFCPROPERTYSET('0w6TH711z5IAZ8l5FyulB7',$,'BBIM_Window',$,(#4636));
#4636=IFCPROPERTYSINGLEVALUE('Data',$,IFCTEXT('{"window_type": "SINGLE_PANEL", "overall_height": 0.8999999761581421, "overall_width": 0.8942867517471313, "lining_properties": {"lining_depth": 0.05000000074505806, "lining_thickness": 0.05000000074505806, "lining_offset": 0.05000000074505806, "lining_to_panel_offset_x": 0.02500000037252903, "lining_to_panel_offset_y": 0.02500000037252903}, "panel_properties": {"frame_depth": [0.03500000014901161, 0.03500000014901161, 0.03500000014901161], "frame_thickness": [0.03500000014901161, 0.03500000014901161, 0.03500000014901161]}}'),$);
#4637=IFCREPRESENTATIONMAP(#4638,#4907);
#4638=IFCAXIS2PLACEMENT3D(#4639,#4640,#4641);
#4639=IFCCARTESIANPOINT((0.,0.,0.));
#4640=IFCDIRECTION((0.,0.,1.));
#4641=IFCDIRECTION((1.,0.,0.));
#4645=IFCREPRESENTATIONMAP(#4646,#4950);
#4646=IFCAXIS2PLACEMENT3D(#4647,#4648,#4649);
#4647=IFCCARTESIANPOINT((0.,0.,0.));
#4648=IFCDIRECTION((0.,0.,1.));
#4649=IFCDIRECTION((1.,0.,0.));
#4693=IFCREPRESENTATIONMAP(#4694,#4967);
#4694=IFCAXIS2PLACEMENT3D(#4695,#4696,#4697);
#4695=IFCCARTESIANPOINT((0.,0.,0.));
#4696=IFCDIRECTION((0.,0.,1.));
#4697=IFCDIRECTION((1.,0.,0.));
#4715=IFCWINDOW('1W6oS8g9L02h2or5wLF$nF',$,'Window',$,$,#5012,#4725,$,0.8999999761581421,0.8942867517471313,$,.SINGLE_PANEL.,$);
#4717=IFCRELDEFINESBYTYPE('3XOq4LZx92B9ubqEM$mcK0',$,$,$,(#4715),#4634);
#4718=IFCCARTESIANPOINT((0.,0.,0.));
#4719=IFCDIRECTION((1.,0.,0.));
#4720=IFCDIRECTION((0.,1.,0.));
#4721=IFCDIRECTION((0.,0.,1.));
#4722=IFCCARTESIANTRANSFORMATIONOPERATOR3D(#4719,#4720,#4718,1.,#4721);
#4723=IFCMAPPEDITEM(#4637,#4722);
#4724=IFCSHAPEREPRESENTATION(#18,'Profile','MappedRepresentation',(#4723));
#4725=IFCPRODUCTDEFINITIONSHAPE($,$,(#4724,#4732,#4739));
#4726=IFCCARTESIANPOINT((0.,0.,0.));
#4727=IFCDIRECTION((1.,0.,0.));
#4728=IFCDIRECTION((0.,1.,0.));
#4729=IFCDIRECTION((0.,0.,1.));
#4730=IFCCARTESIANTRANSFORMATIONOPERATOR3D(#4727,#4728,#4726,1.,#4729);
#4731=IFCMAPPEDITEM(#4645,#4730);
#4732=IFCSHAPEREPRESENTATION(#11,'Body','MappedRepresentation',(#4731));
#4733=IFCCARTESIANPOINT((0.,0.,0.));
#4734=IFCDIRECTION((1.,0.,0.));
#4735=IFCDIRECTION((0.,1.,0.));
#4736=IFCDIRECTION((0.,0.,1.));
#4737=IFCCARTESIANTRANSFORMATIONOPERATOR3D(#4734,#4735,#4733,1.,#4736);
#4738=IFCMAPPEDITEM(#4693,#4737);
#4739=IFCSHAPEREPRESENTATION(#24,'Body','MappedRepresentation',(#4738));
#4740=IFCOPENINGELEMENT('1Mrv8igT5BixBy4lNJzq6a',$,'Opening',$,$,#5002,#4768,$,.OPENING.);
#4756=IFCCARTESIANPOINT((0.,0.,0.));
#4757=IFCDIRECTION((1.,0.,0.));
#4758=IFCDIRECTION((0.,0.,1.));
#4759=IFCAXIS2PLACEMENT3D(#4756,#4758,#4757);
#4760=IFCREPRESENTATIONMAP(#4759,#4977);
#4761=IFCCARTESIANPOINT((0.,0.,0.));
#4762=IFCDIRECTION((1.,0.,0.));
#4763=IFCDIRECTION((0.,1.,0.));
#4764=IFCDIRECTION((0.,0.,1.));
#4765=IFCCARTESIANTRANSFORMATIONOPERATOR3D(#4762,#4763,#4761,1.,#4764);
#4766=IFCMAPPEDITEM(#4760,#4765);
#4767=IFCSHAPEREPRESENTATION(#11,'Body','MappedRepresentation',(#4766));
#4768=IFCPRODUCTDEFINITIONSHAPE($,$,(#4767));
#4769=IFCRELVOIDSELEMENT('1bwRYQtq10bBfklmZ5DO0j',$,$,$,#189,#4740);
#4775=IFCRELFILLSELEMENT('1xkfBaJ65FbxvtzhkkluSN',$,$,$,#4740,#4715);
#4814=IFCCARTESIANPOINTLIST2D(((0.,0.),(0.8408364057540894,0.),(0.8408364057540894,0.8999999761581421),(0.,0.8999999761581421)));
#4815=IFCINDEXEDPOLYCURVE(#4814,(IFCLINEINDEX((1,2,3,4,1))),$);
#4816=IFCCARTESIANPOINTLIST2D(((0.02500000037252903,0.02500000037252903),(0.8158364053815603,0.02500000037252903),(0.8158364053815603,0.8749999757856131),(0.02500000037252903,0.8749999757856131)));
#4817=IFCINDEXEDPOLYCURVE(#4816,(IFCLINEINDEX((1,2,3,4,1))),$);
#4818=IFCARBITRARYPROFILEDEFWITHVOIDS(.AREA.,$,#4815,(#4817));
#4819=IFCCARTESIANPOINT((0.,0.09000000171363354,0.));
#4820=IFCDIRECTION((0.,-1.,0.));
#4821=IFCDIRECTION((1.,0.,0.));
#4822=IFCAXIS2PLACEMENT3D(#4819,#4820,#4821);
#4823=IFCDIRECTION((0.,0.,-1.));
#4824=IFCEXTRUDEDAREASOLID(#4818,#4822,#4823,0.009999999776482582);
#4825=IFCCARTESIANPOINTLIST2D(((0.,0.),(0.8408364057540894,0.),(0.8408364057540894,0.8999999761581421),(0.,0.8999999761581421)));
#4826=IFCINDEXEDPOLYCURVE(#4825,(IFCLINEINDEX((1,2,3,4,1))),$);
#4827=IFCCARTESIANPOINTLIST2D(((0.05000000074505806,0.05000000074505806),(0.7908364050090313,0.05000000074505806),(0.7908364050090313,0.849999975413084),(0.05000000074505806,0.849999975413084)));
#4828=IFCINDEXEDPOLYCURVE(#4827,(IFCLINEINDEX((1,2,3,4,1))),$);
#4829=IFCARBITRARYPROFILEDEFWITHVOIDS(.AREA.,$,#4826,(#4828));
#4830=IFCCARTESIANPOINT((0.,0.05000000074505806,0.));
#4831=IFCDIRECTION((0.,-1.,0.));
#4832=IFCDIRECTION((1.,0.,0.));
#4833=IFCAXIS2PLACEMENT3D(#4830,#4831,#4832);
#4834=IFCDIRECTION((0.,0.,-1.));
#4835=IFCEXTRUDEDAREASOLID(#4829,#4833,#4834,0.04000000096857548);
#4836=IFCCARTESIANPOINTLIST2D(((0.,0.),(0.7908364050090313,0.),(0.7908364050090313,0.849999975413084),(0.,0.849999975413084)));
#4837=IFCINDEXEDPOLYCURVE(#4836,(IFCLINEINDEX((1,2,3,4,1))),$);
#4838=IFCCARTESIANPOINTLIST2D(((0.03500000014901161,0.03500000014901161),(0.7558364048600197,0.03500000014901161),(0.7558364048600197,0.8149999752640724),(0.03500000014901161,0.8149999752640724)));
#4839=IFCINDEXEDPOLYCURVE(#4838,(IFCLINEINDEX((1,2,3,4,1))),$);
#4840=IFCARBITRARYPROFILEDEFWITHVOIDS(.AREA.,$,#4837,(#4839));
#4841=IFCCARTESIANPOINT((0.02500000037252903,0.09000000171363354,0.02500000037252903));
#4842=IFCDIRECTION((0.,-1.,0.));
#4843=IFCDIRECTION((1.,0.,0.));
#4844=IFCAXIS2PLACEMENT3D(#4841,#4842,#4843);
#4845=IFCDIRECTION((0.,0.,-1.));
#4846=IFCEXTRUDEDAREASOLID(#4840,#4844,#4845,0.03500000014901161);
#4847=IFCINDEXEDPOLYCURVE(#4848,(IFCLINEINDEX((1,2,3,4,1))),$);
#4848=IFCCARTESIANPOINTLIST2D(((0.03500000014901161,0.03500000014901161),(0.7558364048600197,0.03500000014901161),(0.7558364048600197,0.8149999752640724),(0.03500000014901161,0.8149999752640724)));
#4849=IFCARBITRARYCLOSEDPROFILEDEF(.AREA.,$,#4847);
#4850=IFCCARTESIANPOINT((0.02500000037252903,0.10250000178813934,0.02500000037252903));
#4851=IFCDIRECTION((0.,-1.,0.));
#4852=IFCDIRECTION((1.,0.,0.));
#4853=IFCAXIS2PLACEMENT3D(#4850,#4851,#4852);
#4854=IFCDIRECTION((0.,0.,-1.));
#4855=IFCEXTRUDEDAREASOLID(#4849,#4853,#4854,0.01);
#4857=IFCSHAPEREPRESENTATION(#11,'Body','SweptSolid',(#4824,#4835,#4918,#4929));
#4858=IFCSHAPEASPECT((#4857),'Lining',$,.T.,#4725);
#4859=IFCSHAPEREPRESENTATION(#11,'Body','SweptSolid',(#4940,#4846));
#4860=IFCSHAPEASPECT((#4859),'Framing',$,.T.,#4725);
#4861=IFCSHAPEREPRESENTATION(#11,'Body','SweptSolid',(#4949,#4855));
#4862=IFCSHAPEASPECT((#4861),'Glazing',$,.T.,#4725);
#4905=IFCCARTESIANPOINTLIST3D(((0.,0.,0.),(0.8942867517471313,0.,0.),(0.8942867517471313,0.,0.8999999761581421),(0.,0.,0.8999999761581421)));
#4906=IFCINDEXEDPOLYCURVE(#4905,(IFCLINEINDEX((1,2,3,4,1))),$);
#4907=IFCSHAPEREPRESENTATION(#18,'Profile','Curve3D',(#4906));
#4908=IFCCARTESIANPOINTLIST2D(((0.,0.),(0.8942867517471313,0.),(0.8942867517471313,0.8999999761581421),(0.,0.8999999761581421)));
#4909=IFCINDEXEDPOLYCURVE(#4908,(IFCLINEINDEX((1,2,3,4,1))),$);
#4910=IFCCARTESIANPOINTLIST2D(((0.02500000037252903,0.02500000037252903),(0.8692867513746023,0.02500000037252903),(0.8692867513746023,0.8749999757856131),(0.02500000037252903,0.8749999757856131)));
#4911=IFCINDEXEDPOLYCURVE(#4910,(IFCLINEINDEX((1,2,3,4,1))),$);
#4912=IFCARBITRARYPROFILEDEFWITHVOIDS(.AREA.,$,#4909,(#4911));
#4913=IFCCARTESIANPOINT((0.,0.09000000171363354,0.));
#4914=IFCDIRECTION((0.,-1.,0.));
#4915=IFCDIRECTION((1.,0.,0.));
#4916=IFCAXIS2PLACEMENT3D(#4913,#4914,#4915);
#4917=IFCDIRECTION((0.,0.,-1.));
#4918=IFCEXTRUDEDAREASOLID(#4912,#4916,#4917,0.009999999776482582);
#4919=IFCCARTESIANPOINTLIST2D(((0.,0.),(0.8942867517471313,0.),(0.8942867517471313,0.8999999761581421),(0.,0.8999999761581421)));
#4920=IFCINDEXEDPOLYCURVE(#4919,(IFCLINEINDEX((1,2,3,4,1))),$);
#4921=IFCCARTESIANPOINTLIST2D(((0.05000000074505806,0.05000000074505806),(0.8442867510020733,0.05000000074505806),(0.8442867510020733,0.849999975413084),(0.05000000074505806,0.849999975413084)));
#4922=IFCINDEXEDPOLYCURVE(#4921,(IFCLINEINDEX((1,2,3,4,1))),$);
#4923=IFCARBITRARYPROFILEDEFWITHVOIDS(.AREA.,$,#4920,(#4922));
#4924=IFCCARTESIANPOINT((0.,0.05000000074505806,0.));
#4925=IFCDIRECTION((0.,-1.,0.));
#4926=IFCDIRECTION((1.,0.,0.));
#4927=IFCAXIS2PLACEMENT3D(#4924,#4925,#4926);
#4928=IFCDIRECTION((0.,0.,-1.));
#4929=IFCEXTRUDEDAREASOLID(#4923,#4927,#4928,0.04000000096857548);
#4930=IFCCARTESIANPOINTLIST2D(((0.,0.),(0.8442867510020733,0.),(0.8442867510020733,0.849999975413084),(0.,0.849999975413084)));
#4931=IFCINDEXEDPOLYCURVE(#4930,(IFCLINEINDEX((1,2,3,4,1))),$);
#4932=IFCCARTESIANPOINTLIST2D(((0.03500000014901161,0.03500000014901161),(0.8092867508530617,0.03500000014901161),(0.8092867508530617,0.8149999752640724),(0.03500000014901161,0.8149999752640724)));
#4933=IFCINDEXEDPOLYCURVE(#4932,(IFCLINEINDEX((1,2,3,4,1))),$);
#4934=IFCARBITRARYPROFILEDEFWITHVOIDS(.AREA.,$,#4931,(#4933));
#4935=IFCCARTESIANPOINT((0.02500000037252903,0.09000000171363354,0.02500000037252903));
#4936=IFCDIRECTION((0.,-1.,0.));
#4937=IFCDIRECTION((1.,0.,0.));
#4938=IFCAXIS2PLACEMENT3D(#4935,#4936,#4937);
#4939=IFCDIRECTION((0.,0.,-1.));
#4940=IFCEXTRUDEDAREASOLID(#4934,#4938,#4939,0.03500000014901161);
#4941=IFCINDEXEDPOLYCURVE(#4942,(IFCLINEINDEX((1,2,3,4,1))),$);
#4942=IFCCARTESIANPOINTLIST2D(((0.03500000014901161,0.03500000014901161),(0.8092867508530617,0.03500000014901161),(0.8092867508530617,0.8149999752640724),(0.03500000014901161,0.8149999752640724)));
#4943=IFCARBITRARYCLOSEDPROFILEDEF(.AREA.,$,#4941);
#4944=IFCCARTESIANPOINT((0.02500000037252903,0.10250000178813934,0.02500000037252903));
#4945=IFCDIRECTION((0.,-1.,0.));
#4946=IFCDIRECTION((1.,0.,0.));
#4947=IFCAXIS2PLACEMENT3D(#4944,#4945,#4946);
#4948=IFCDIRECTION((0.,0.,-1.));
#4949=IFCEXTRUDEDAREASOLID(#4943,#4947,#4948,0.01);
#4950=IFCSHAPEREPRESENTATION(#11,'Body','SweptSolid',(#4918,#4929,#4940,#4949));
#4951=IFCCARTESIANPOINTLIST2D(((0.05000000074505806,0.05000000074505806),(0.8442867510020733,0.05000000074505806)));
#4952=IFCINDEXEDPOLYCURVE(#4951,$,$);
#4953=IFCCARTESIANPOINTLIST2D(((0.,0.10000000149011612),(0.02500000037252903,0.10000000149011612),(0.02500000037252903,0.09000000171363354),(0.05000000074505806,0.09000000171363354),(0.05000000074505806,0.05000000074505806),(0.,0.05000000074505806)));
#4954=IFCINDEXEDPOLYCURVE(#4953,(IFCLINEINDEX((1,2,3,4,5,6,1))),$);
#4955=IFCCARTESIANPOINTLIST2D(((0.8942867517471313,0.10000000149011612),(0.8692867513746023,0.10000000149011612),(0.8692867513746023,0.09000000171363354),(0.8442867510020733,0.09000000171363354),(0.8442867510020733,0.05000000074505806),(0.8942867517471313,0.05000000074505806)));
#4956=IFCINDEXEDPOLYCURVE(#4955,(IFCLINEINDEX((1,2,3,4,5,6,1))),$);
#4957=IFCCARTESIANPOINTLIST2D(((0.02500000037252903,0.09000000171363354),(0.06000000052154064,0.09000000171363354),(0.06000000052154064,0.12500000186264515),(0.02500000037252903,0.12500000186264515)));
#4958=IFCINDEXEDPOLYCURVE(#4957,(IFCLINEINDEX((1,2,3,4,1))),$);
#4959=IFCINDEXEDPOLYCURVE(#4960,(IFCLINEINDEX((1,2,3,4,1))),$);
#4960=IFCCARTESIANPOINTLIST2D(((0.8692867513746023,0.09000000171363354),(0.8342867512255907,0.09000000171363354),(0.8342867512255907,0.12500000186264515),(0.8692867513746023,0.12500000186264515)));
#4961=IFCCARTESIANPOINTLIST2D(((0.06000000052154064,0.09000000171363354),(0.8342867512255907,0.09000000171363354)));
#4962=IFCINDEXEDPOLYCURVE(#4961,$,$);
#4963=IFCINDEXEDPOLYCURVE(#4964,$,$);
#4964=IFCCARTESIANPOINTLIST2D(((0.06000000052154064,0.12500000186264515),(0.8342867512255907,0.12500000186264515)));
#4965=IFCINDEXEDPOLYCURVE(#4966,$,$);
#4966=IFCCARTESIANPOINTLIST2D(((0.06000000052154064,0.10750000178813934),(0.8342867512255907,0.10750000178813934)));
#4967=IFCSHAPEREPRESENTATION(#24,'Body','Curve2D',(#4952,#4954,#4956,#4958,#4959,#4962,#4963,#4965));
#4968=IFCCARTESIANPOINTLIST2D(((0.,0.),(0.8942867517471313,0.),(0.8942867517471313,0.8999999761581421),(0.,0.8999999761581421)));
#4969=IFCINDEXEDPOLYCURVE(#4968,(IFCLINEINDEX((1,2,3,4,1))),$);
#4970=IFCARBITRARYCLOSEDPROFILEDEF(.AREA.,$,#4969);
#4971=IFCCARTESIANPOINT((0.,-0.6000000238418579,0.));
#4972=IFCDIRECTION((0.,-1.,0.));
#4973=IFCDIRECTION((1.,0.,0.));
#4974=IFCAXIS2PLACEMENT3D(#4971,#4972,#4973);
#4975=IFCDIRECTION((0.,0.,-1.));
#4976=IFCEXTRUDEDAREASOLID(#4970,#4974,#4975,1.2);
#4977=IFCSHAPEREPRESENTATION(#11,'Body','SweptSolid',(#4976));
#4998=IFCCARTESIANPOINT((0.6760088205337011,2.632475473163254E-07,1.));
#4999=IFCDIRECTION((0.,0.,1.));
#5000=IFCDIRECTION((0.9999999999998863,-4.7683715820291007E-07,0.));
#5001=IFCAXIS2PLACEMENT3D(#4998,#4999,#5000);
#5002=IFCLOCALPLACEMENT(#200,#5001);
#5008=IFCCARTESIANPOINT((-1.3877787807814457E-17,0.,0.));
#5009=IFCDIRECTION((0.,0.,1.));
#5010=IFCDIRECTION((1.,2.117582368135751E-22,0.));
#5011=IFCAXIS2PLACEMENT3D(#5008,#5009,#5010);
#5012=IFCLOCALPLACEMENT(#5002,#5011);
#5023=IFCCARTESIANPOINT((0.,0.,3.));
#5024=IFCDIRECTION((0.,0.,1.));
#5025=IFCDIRECTION((1.,0.,0.));
#5026=IFCAXIS2PLACEMENT3D(#5023,#5024,#5025);
#5027=IFCLOCALPLACEMENT(#56,#5026);
#5028=IFCSLABTYPE('29FoH7g354jeyEzpr1Ubzk',$,'Roof',$,$,(#5032),$,$,$,.FLOOR.);
#5029=IFCMATERIALLAYERSET((#5031),$,$);
#5030=IFCRELASSOCIATESMATERIAL('1mEncksx9FeAjHbnQg3joY',$,$,$,(#5028),#5029);
#5031=IFCMATERIALLAYER(#81,0.1,$,$,$,$,$);
#5032=IFCPROPERTYSET('2q07g$nqz9CwJhuI8xt6kz',$,'EPset_Parametric',$,(#5033));
#5033=IFCPROPERTYSINGLEVALUE('LayerSetDirection',$,IFCLABEL('AXIS3'),$);
#5058=IFCSLAB('21z5iM0xvDifTS20wOizNg',$,'Slab',$,$,#5067,#5074,$,$);
#5059=IFCRELCONTAINEDINSPATIALSTRUCTURE('0u8ht_s0b5rvwa8KpZrawy',$,$,$,(#8663,#9163,#5311,#8701,#5273,#6887,#8421,#8865,#7048,#9125,#7267,#8914,#9089,#5691,#5653,#8739,#5058,#9013,#5501,#6307,#7097,#8529,#5463,#9060,#5425,#8788,#8446,#6629,#7146,#5349),#39);
#5060=IFCRELDEFINESBYTYPE('3hCmim54L6iP8pTo5Zkpeq',$,$,$,(#7992,#8914,#8529,#5058),#5028);
#5061=IFCMATERIALLAYERSETUSAGE(#5029,.AXIS3.,.POSITIVE.,-0.10000000149011612,$);
#5062=IFCRELASSOCIATESMATERIAL('2waoxfQHz47grai8piEM3z',$,$,$,(#5058),#5061);
#5063=IFCCARTESIANPOINT((0.22660541534423828,-2.590106248855591,0.));
#5064=IFCDIRECTION((0.,0.,1.));
#5065=IFCDIRECTION((1.,0.,0.));
#5066=IFCAXIS2PLACEMENT3D(#5063,#5064,#5065);
#5067=IFCLOCALPLACEMENT(#5027,#5066);
#5068=IFCCARTESIANPOINTLIST2D(((0.,0.),(3.999999523162842,0.),(3.9500012397766113,9.040000915527344),(0.5499987602233887,9.09000015258789),(0.5314489603042603,7.609465599060059),(-3.02000093460083,7.610001564025879),(-3.020000457763672,2.4800002574920654),(-4.76837158203125E-07,2.4800002574920654),(0.,0.)));
#5069=IFCINDEXEDPOLYCURVE(#5068,$,$);
#5070=IFCDIRECTION((0.,0.,1.));
#5071=IFCARBITRARYCLOSEDPROFILEDEF(.AREA.,$,#5069);
#5072=IFCEXTRUDEDAREASOLID(#5071,#5081,#5070,0.1);
#5073=IFCSHAPEREPRESENTATION(#11,'Body','SweptSolid',(#5072));
#5074=IFCPRODUCTDEFINITIONSHAPE($,$,(#5073));
#5075=IFCPROPERTYSET('2PChtvv3nC3OW8fliRy$Pe',$,'EPset_Parametric',$,(#5077));
#5076=IFCRELDEFINESBYPROPERTIES('2XgZ3OVebFKw1QxYY6Lft$',$,$,$,(#5058),#5075);
#5077=IFCPROPERTYSINGLEVALUE('Engine',$,IFCLABEL('Bonsai.DumbLayer3'),$);
#5078=IFCCARTESIANPOINT((-0.,-0.,-0.10000000149011612));
#5079=IFCDIRECTION((0.,0.,1.));
#5080=IFCDIRECTION((1.,0.,0.));
#5081=IFCAXIS2PLACEMENT3D(#5078,#5079,#5080);
#5082=IFCROOFTYPE('3DJ8cHuev3ZvOgxKsRye52',$,'Roof',$,$,(#5083),(#5112,#5140),$,$,.HIP_ROOF.);
#5083=IFCPROPERTYSET('1h1Uprgq59nxg$6UU77tSy',$,'BBIM_Roof',$,(#5084));
#5084=IFCPROPERTYSINGLEVALUE('Data',$,IFCTEXT('{"roof_type": "HIP/GABLE ROOF", "generation_method": "ANGLE", "roof_thickness": 0.10000000149011612, "rafter_edge_angle": 1.5707963705062866, "angle": 0.1745329201221466, "percentage": 17.63269805908203, "path_data": {"edges": [[0, 1], [1, 2], [2, 3], [3, 0]], "verts": [[-5.0, -5.0, 0.0], [-5.0, 5.0, 0.0], [5.0, 5.0, 0.0], [5.0, -5.0, 0.0]]}}'),$);
#5108=IFCCARTESIANPOINT((0.,0.,0.));
#5109=IFCDIRECTION((1.,0.,0.));
#5110=IFCDIRECTION((0.,0.,1.));
#5111=IFCAXIS2PLACEMENT3D(#5108,#5110,#5109);
#5112=IFCREPRESENTATIONMAP(#5111,#5131);
#5113=IFCINDEXEDPOLYGONALFACE((3,1,2));
#5114=IFCINDEXEDPOLYGONALFACE((2,4,3));
#5115=IFCINDEXEDPOLYGONALFACE((1,3,5));
#5116=IFCINDEXEDPOLYGONALFACE((4,5,3));
#5117=IFCINDEXEDPOLYGONALFACE((6,7,8));
#5118=IFCINDEXEDPOLYGONALFACE((8,2,1));
#5119=IFCINDEXEDPOLYGONALFACE((8,1,6));
#5120=IFCINDEXEDPOLYGONALFACE((8,7,9));
#5121=IFCINDEXEDPOLYGONALFACE((2,8,9));
#5122=IFCINDEXEDPOLYGONALFACE((2,9,4));
#5123=IFCINDEXEDPOLYGONALFACE((10,7,6));
#5124=IFCINDEXEDPOLYGONALFACE((6,1,5));
#5125=IFCINDEXEDPOLYGONALFACE((6,5,10));
#5126=IFCINDEXEDPOLYGONALFACE((9,7,10));
#5127=IFCINDEXEDPOLYGONALFACE((4,9,10));
#5128=IFCINDEXEDPOLYGONALFACE((4,10,5));
#5129=IFCCARTESIANPOINTLIST3D(((-5.,-5.,0.),(5.,-5.,0.),(0.,0.,0.8816348910331726),(5.,5.,0.),(-5.,5.,0.),(-5.,-5.,-0.10154265910387039),(0.,0.,0.7800922393798828),(5.,-5.,-0.10154265910387039),(5.,5.,-0.10154265910387039),(-5.,5.,-0.10154265910387039)));
#5130=IFCPOLYGONALFACESET(#5129,.T.,(#5113,#5114,#5115,#5116,#5117,#5118,#5119,#5120,#5121,#5122,#5123,#5124,#5125,#5126,#5127,#5128),$);
#5131=IFCSHAPEREPRESENTATION(#11,'Body','Tessellation',(#5130));
#5133=IFCCARTESIANPOINT((-5.,-5.,-0.10154265910387039));
#5134=IFCBOUNDINGBOX(#5133,10.,10.,0.9831775426864624);
#5135=IFCSHAPEREPRESENTATION(#13,'Box','BoundingBox',(#5134));
#5136=IFCCARTESIANPOINT((0.,0.,0.));
#5137=IFCDIRECTION((1.,0.,0.));
#5138=IFCDIRECTION((0.,0.,1.));
#5139=IFCAXIS2PLACEMENT3D(#5136,#5138,#5137);
#5140=IFCREPRESENTATIONMAP(#5139,#5135);
#5273=IFCWALL('2R19ZE4QbD4AtXqy9DZkV0',$,'Wall',$,$,#6004,#5284,$,$);
#5279=IFCRELDEFINESBYPROPERTIES('3tHHM4j6L6mh2yxJPZYAvo',$,$,$,(#5273),#5280);
#5280=IFCPROPERTYSET('1TMgfAubH1j8A0N_eJYUrA',$,'EPset_Parametric',$,(#5281));
#5281=IFCPROPERTYSINGLEVALUE('Engine',$,IFCLABEL('Bonsai.DumbLayer2'),$);
#5282=IFCRELASSOCIATESMATERIAL('30i1MluOn1JBTmAJm98N5P',$,$,$,(#5273),#5283);
#5283=IFCMATERIALLAYERSETUSAGE(#82,.AXIS2.,.POSITIVE.,0.,$);
#5284=IFCPRODUCTDEFINITIONSHAPE($,$,(#5934,#5931));
#5311=IFCWALL('1IRfTl8Vr7WAgek$sK_L6J',$,'Wall',$,$,#8605,#5322,$,$);
#5317=IFCRELDEFINESBYPROPERTIES('0sS82mhYrB7Oqd9UUJ9YUN',$,$,$,(#5311),#5318);
#5318=IFCPROPERTYSET('3g5f3OfAvFyfqtbkhqBfnb',$,'EPset_Parametric',$,(#5319));
#5319=IFCPROPERTYSINGLEVALUE('Engine',$,IFCLABEL('Bonsai.DumbLayer2'),$);
#5320=IFCRELASSOCIATESMATERIAL('11rTSlyhXF3RD6v1uJfcn8',$,$,$,(#5311),#5321);
#5321=IFCMATERIALLAYERSETUSAGE(#82,.AXIS2.,.POSITIVE.,0.,$);
#5322=IFCPRODUCTDEFINITIONSHAPE($,$,(#8618,#8615));
#5349=IFCWALL('3lpEfxmvf44fMmJVwVrI0A',$,'Wall',$,$,#6014,#5360,$,$);
#5355=IFCRELDEFINESBYPROPERTIES('3o3Bq0Lx17KRYOwjN6BvsH',$,$,$,(#5349),#5356);
#5356=IFCPROPERTYSET('1nVF63m_97fxPHkPMd$k5A',$,'EPset_Parametric',$,(#5357));
#5357=IFCPROPERTYSINGLEVALUE('Engine',$,IFCLABEL('Bonsai.DumbLayer2'),$);
#5358=IFCRELASSOCIATESMATERIAL('2F7YRx$j10UQ1C6CI6ECma',$,$,$,(#5349),#5359);
#5359=IFCMATERIALLAYERSETUSAGE(#82,.AXIS2.,.POSITIVE.,0.,$);
#5360=IFCPRODUCTDEFINITIONSHAPE($,$,(#5804,#5801));
#5425=IFCWALL('1A9KQ2OmD1KvZJYcf4rHeU',$,'Wall',$,$,#6024,#5436,$,$);
#5431=IFCRELASSOCIATESMATERIAL('1wIGJ5dJX29QPrnZE3yFa7',$,$,$,(#5425),#5432);
#5432=IFCMATERIALLAYERSETUSAGE(#82,.AXIS2.,.POSITIVE.,0.,$);
#5433=IFCRELDEFINESBYPROPERTIES('3y7CsW0MvEcPVzs_TGx5QB',$,$,$,(#5425),#5434);
#5434=IFCPROPERTYSET('3HWdwHT$LCxuhX1M8DdnoN',$,'EPset_Parametric',$,(#5435));
#5435=IFCPROPERTYSINGLEVALUE('Engine',$,IFCLABEL('Bonsai.DumbLayer2'),$);
#5436=IFCPRODUCTDEFINITIONSHAPE($,$,(#5882,#5879));
#5463=IFCWALL('1cmAcjxp16fwhqsow7iBrs',$,'Wall',$,$,#6029,#5474,$,$);
#5469=IFCRELASSOCIATESMATERIAL('2n_8_vbX5BHAwwIrA$huTc',$,$,$,(#5463),#5470);
#5470=IFCMATERIALLAYERSETUSAGE(#82,.AXIS2.,.POSITIVE.,0.,$);
#5471=IFCRELDEFINESBYPROPERTIES('3yfjFB1RTDnevLduvUPb5L',$,$,$,(#5463),#5472);
#5472=IFCPROPERTYSET('2zMtQiPw50FubjMpNLLxWK',$,'EPset_Parametric',$,(#5473));
#5473=IFCPROPERTYSINGLEVALUE('Engine',$,IFCLABEL('Bonsai.DumbLayer2'),$);
#5474=IFCPRODUCTDEFINITIONSHAPE($,$,(#6739,#6736));
#5501=IFCWALL('1vEDtooPb71A6Q1YIsQExz',$,'Wall',$,$,#6034,#5512,$,$);
#5507=IFCRELASSOCIATESMATERIAL('3XgvukOk10Jw2GzUS7euIb',$,$,$,(#5501),#5508);
#5508=IFCMATERIALLAYERSETUSAGE(#82,.AXIS2.,.POSITIVE.,0.,$);
#5509=IFCRELDEFINESBYPROPERTIES('2AY6qJS1T4p9fwhWWF0n3v',$,$,$,(#5501),#5510);
#5510=IFCPROPERTYSET('3H1Yb9fWf6Lg0IjNxtdDrt',$,'EPset_Parametric',$,(#5511));
#5511=IFCPROPERTYSINGLEVALUE('Engine',$,IFCLABEL('Bonsai.DumbLayer2'),$);
#5512=IFCPRODUCTDEFINITIONSHAPE($,$,(#5921,#5918));
#5653=IFCWALL('0UFncnOmv5DvQ$6U4QJxmp',$,'Wall',$,$,#6054,#5664,$,$);
#5659=IFCRELDEFINESBYPROPERTIES('1gGEXtgdD0rP7pV8kmtTcD',$,$,$,(#5653),#5660);
#5660=IFCPROPERTYSET('3YasWJtdn1b82SHv5MaDeu',$,'EPset_Parametric',$,(#5661));
#5661=IFCPROPERTYSINGLEVALUE('Engine',$,IFCLABEL('Bonsai.DumbLayer2'),$);
#5662=IFCRELASSOCIATESMATERIAL('0ejDZF3TD1NPoF8p_5uhyU',$,$,$,(#5653),#5663);
#5663=IFCMATERIALLAYERSETUSAGE(#82,.AXIS2.,.POSITIVE.,0.,$);
#5664=IFCPRODUCTDEFINITIONSHAPE($,$,(#5817,#5814));
#5691=IFCWALL('12Hl5oQLP8xvt6UoBuh6zx',$,'Wall',$,$,#8639,#5702,$,$);
#5697=IFCRELDEFINESBYPROPERTIES('2yQ$IKvOz06QW5TOsSLgWq',$,$,$,(#5691),#5698);
#5698=IFCPROPERTYSET('0I0iayc45Ea9gii4$EhO36',$,'EPset_Parametric',$,(#5699));
#5699=IFCPROPERTYSINGLEVALUE('Engine',$,IFCLABEL('Bonsai.DumbLayer2'),$);
#5700=IFCRELASSOCIATESMATERIAL('3SIZl6EyL6SA3nxNaEypLk',$,$,$,(#5691),#5701);
#5701=IFCMATERIALLAYERSETUSAGE(#82,.AXIS2.,.POSITIVE.,0.,$);
#5702=IFCPRODUCTDEFINITIONSHAPE($,$,(#8662,#8659));
#5767=IFCRELCONNECTSPATHELEMENTS('31HP_Pv$L3dOYzAo6sCbUK',$,$,$,$,#5273,#5501,(),(),.ATEND.,.ATSTART.);
#5769=IFCRELCONNECTSPATHELEMENTS('2wDie$z5v7x81UdWMGzcGg',$,$,$,$,#5349,#5273,(),(),.ATEND.,.ATSTART.);
#5770=IFCRELCONNECTSPATHELEMENTS('2VJGgDzvv4dOYH7HJr65Px',$,$,$,$,#5425,#5349,(),(),.ATEND.,.ATSTART.);
#5771=IFCRELCONNECTSPATHELEMENTS('3H9ktlJ_H9Y8PhE8PVumFM',$,$,$,$,#5463,#5691,(),(),.ATPATH.,.ATEND.);
#5772=IFCRELCONNECTSPATHELEMENTS('1NNs8_$cT4Buwl6NShpmTm',$,$,$,$,#5501,#5653,(),(),.ATEND.,.ATSTART.);
#5776=IFCRELCONNECTSPATHELEMENTS('2$Nh2KV01BFxAetaJX7llB',$,$,$,$,#5653,#5311,(),(),.ATEND.,.ATSTART.);
#5792=IFCCARTESIANPOINTLIST2D(((0.,0.),(0.09999999245021017,0.1),(1.5800000214663574,0.1),(1.4799999749751196,0.)));
#5793=IFCINDEXEDPOLYCURVE(#5792,(IFCLINEINDEX((1,2,3,4,1))),$);
#5794=IFCARBITRARYCLOSEDPROFILEDEF(.AREA.,$,#5793);
#5795=IFCCARTESIANPOINT((0.,0.,0.));
#5796=IFCDIRECTION((0.,0.,1.));
#5797=IFCDIRECTION((1.,0.,0.));
#5798=IFCAXIS2PLACEMENT3D(#5795,#5796,#5797);
#5799=IFCDIRECTION((0.,0.,1.));
#5800=IFCEXTRUDEDAREASOLID(#5794,#5798,#5799,3.);
#5801=IFCSHAPEREPRESENTATION(#11,'Body','SweptSolid',(#5800));
#5802=IFCCARTESIANPOINTLIST2D(((0.,0.),(1.4799999749751196,0.)));
#5803=IFCINDEXEDPOLYCURVE(#5802,$,$);
#5804=IFCSHAPEREPRESENTATION(#23,'Axis','Curve2D',(#5803));
#5805=IFCCARTESIANPOINTLIST2D(((0.,0.),(0.09999999245021017,0.1),(3.899999820314958,0.1),(3.999999812765168,0.)));
#5806=IFCINDEXEDPOLYCURVE(#5805,(IFCLINEINDEX((1,2,3,4,1))),$);
#5807=IFCARBITRARYCLOSEDPROFILEDEF(.AREA.,$,#5806);
#5808=IFCCARTESIANPOINT((0.,0.,0.));
#5809=IFCDIRECTION((0.,0.,1.));
#5810=IFCDIRECTION((1.,0.,0.));
#5811=IFCAXIS2PLACEMENT3D(#5808,#5809,#5810);
#5812=IFCDIRECTION((0.,0.,1.));
#5813=IFCEXTRUDEDAREASOLID(#5807,#5811,#5812,3.);
#5814=IFCSHAPEREPRESENTATION(#11,'Body','SweptSolid',(#5813));
#5815=IFCCARTESIANPOINTLIST2D(((0.,0.),(3.999999812765168,0.)));
#5816=IFCINDEXEDPOLYCURVE(#5815,$,$);
#5817=IFCSHAPEREPRESENTATION(#23,'Axis','Curve2D',(#5816));
#5870=IFCCARTESIANPOINTLIST2D(((0.,0.),(-0.10000004649123767,0.1),(3.4699999984887944,0.1),(3.570000044980032,0.)));
#5871=IFCINDEXEDPOLYCURVE(#5870,(IFCLINEINDEX((1,2,3,4,1))),$);
#5872=IFCARBITRARYCLOSEDPROFILEDEF(.AREA.,$,#5871);
#5873=IFCCARTESIANPOINT((0.,0.,0.));
#5874=IFCDIRECTION((0.,0.,1.));
#5875=IFCDIRECTION((1.,0.,0.));
#5876=IFCAXIS2PLACEMENT3D(#5873,#5874,#5875);
#5877=IFCDIRECTION((0.,0.,1.));
#5878=IFCEXTRUDEDAREASOLID(#5872,#5876,#5877,3.);
#5879=IFCSHAPEREPRESENTATION(#11,'Body','SweptSolid',(#5878));
#5880=IFCCARTESIANPOINTLIST2D(((0.,0.),(3.570000044980032,0.)));
#5881=IFCINDEXEDPOLYCURVE(#5880,$,$);
#5882=IFCSHAPEREPRESENTATION(#23,'Axis','Curve2D',(#5881));
#5909=IFCCARTESIANPOINTLIST2D(((0.,0.),(0.09999999245021016,0.1),(8.990000368357297,0.1),(9.09000039100667,0.)));
#5910=IFCINDEXEDPOLYCURVE(#5909,(IFCLINEINDEX((1,2,3,4,1))),$);
#5911=IFCARBITRARYCLOSEDPROFILEDEF(.AREA.,$,#5910);
#5912=IFCCARTESIANPOINT((0.,0.,0.));
#5913=IFCDIRECTION((0.,0.,1.));
#5914=IFCDIRECTION((1.,0.,0.));
#5915=IFCAXIS2PLACEMENT3D(#5912,#5913,#5914);
#5916=IFCDIRECTION((0.,0.,1.));
#5917=IFCEXTRUDEDAREASOLID(#5911,#5915,#5916,3.);
#5918=IFCSHAPEREPRESENTATION(#11,'Body','SweptSolid',(#5917));
#5919=IFCCARTESIANPOINTLIST2D(((0.,0.),(9.09000039100667,0.)));
#5920=IFCINDEXEDPOLYCURVE(#5919,$,$);
#5921=IFCSHAPEREPRESENTATION(#23,'Axis','Curve2D',(#5920));
#5922=IFCCARTESIANPOINTLIST2D(((0.,0.),(0.10000002264937295,0.1),(3.3500012183466525,0.1),(3.4500012107968625,0.)));
#5923=IFCINDEXEDPOLYCURVE(#5922,(IFCLINEINDEX((1,2,3,4,1))),$);
#5924=IFCARBITRARYCLOSEDPROFILEDEF(.AREA.,$,#5923);
#5925=IFCCARTESIANPOINT((0.,0.,0.));
#5926=IFCDIRECTION((0.,0.,1.));
#5927=IFCDIRECTION((1.,0.,0.));
#5928=IFCAXIS2PLACEMENT3D(#5925,#5926,#5927);
#5929=IFCDIRECTION((0.,0.,1.));
#5930=IFCEXTRUDEDAREASOLID(#5924,#5928,#5929,3.);
#5931=IFCSHAPEREPRESENTATION(#11,'Body','SweptSolid',(#5930));
#5932=IFCCARTESIANPOINTLIST2D(((0.,0.),(3.4500012107968625,0.)));
#5933=IFCINDEXEDPOLYCURVE(#5932,$,$);
#5934=IFCSHAPEREPRESENTATION(#23,'Axis','Curve2D',(#5933));
#6000=IFCCARTESIANPOINT((4.226605415344238,6.499894142150879,0.));
#6001=IFCDIRECTION((0.,0.,1.));
#6002=IFCDIRECTION((-1.,-1.5099580252808664E-07,0.));
#6003=IFCAXIS2PLACEMENT3D(#6000,#6001,#6002);
#6004=IFCLOCALPLACEMENT(#5027,#6003);
#6010=IFCCARTESIANPOINT((0.776604413986206,6.499893665313721,0.));
#6011=IFCDIRECTION((0.,0.,1.));
#6012=IFCDIRECTION((1.9470718370939721E-07,-1.,0.));
#6013=IFCAXIS2PLACEMENT3D(#6010,#6011,#6012);
#6014=IFCLOCALPLACEMENT(#5027,#6013);
#6020=IFCCARTESIANPOINT((0.7766045331954956,5.019893646240234,0.));
#6021=IFCDIRECTION((0.,0.,1.));
#6022=IFCDIRECTION((-1.,3.8941436741879443E-07,0.));
#6023=IFCAXIS2PLACEMENT3D(#6020,#6021,#6022);
#6024=IFCLOCALPLACEMENT(#5027,#6023);
#6025=IFCCARTESIANPOINT((0.3250257074832916,2.6383144855499268,0.));
#6026=IFCDIRECTION((0.,0.,1.));
#6027=IFCDIRECTION((-1.,-1.5099580252808664E-07,0.));
#6028=IFCAXIS2PLACEMENT3D(#6025,#6026,#6027);
#6029=IFCLOCALPLACEMENT(#5027,#6028);
#6030=IFCCARTESIANPOINT((4.22660493850708,-2.590106248855591,0.));
#6031=IFCDIRECTION((0.,0.,1.));
#6032=IFCDIRECTION((1.9470718370939721E-07,1.,0.));
#6033=IFCAXIS2PLACEMENT3D(#6030,#6031,#6032);
#6034=IFCLOCALPLACEMENT(#5027,#6033);
#6050=IFCCARTESIANPOINT((0.2266051322221756,-2.590106248855591,0.));
#6051=IFCDIRECTION((0.,0.,1.));
#6052=IFCDIRECTION((1.,0.,0.));
#6053=IFCAXIS2PLACEMENT3D(#6050,#6051,#6052);
#6054=IFCLOCALPLACEMENT(#5027,#6053);
#6307=IFCWINDOW('11fZfYSWP2Vhgpl5S3V2BC',$,'Window',$,$,#6355,#6315,$,0.8999999761581421,0.9509153366088867,$,$,$);
#6308=IFCCARTESIANPOINT((0.,0.,0.));
#6309=IFCDIRECTION((1.,0.,0.));
#6310=IFCDIRECTION((0.,1.,0.));
#6311=IFCDIRECTION((0.,0.,1.));
#6312=IFCCARTESIANTRANSFORMATIONOPERATOR3D(#6309,#6310,#6308,1.,#6311);
#6313=IFCMAPPEDITEM(#2333,#6312);
#6314=IFCSHAPEREPRESENTATION(#18,'Profile','MappedRepresentation',(#6313));
#6315=IFCPRODUCTDEFINITIONSHAPE($,$,(#6314,#6322,#6329));
#6316=IFCCARTESIANPOINT((0.,0.,0.));
#6317=IFCDIRECTION((1.,0.,0.));
#6318=IFCDIRECTION((0.,1.,0.));
#6319=IFCDIRECTION((0.,0.,1.));
#6320=IFCCARTESIANTRANSFORMATIONOPERATOR3D(#6317,#6318,#6316,1.,#6319);
#6321=IFCMAPPEDITEM(#2381,#6320);
#6322=IFCSHAPEREPRESENTATION(#11,'Body','MappedRepresentation',(#6321));
#6323=IFCCARTESIANPOINT((0.,0.,0.));
#6324=IFCDIRECTION((1.,0.,0.));
#6325=IFCDIRECTION((0.,1.,0.));
#6326=IFCDIRECTION((0.,0.,1.));
#6327=IFCCARTESIANTRANSFORMATIONOPERATOR3D(#6324,#6325,#6323,1.,#6326);
#6328=IFCMAPPEDITEM(#2403,#6327);
#6329=IFCSHAPEREPRESENTATION(#24,'Body','MappedRepresentation',(#6328));
#6330=IFCOPENINGELEMENT('2zODrMnq1DQ97vpdVFHO3Q',$,'Opening',$,$,#6349,#6343,$,.OPENING.);
#6336=IFCCARTESIANPOINT((0.,0.,0.));
#6337=IFCDIRECTION((1.,0.,0.));
#6338=IFCDIRECTION((0.,1.,0.));
#6339=IFCDIRECTION((0.,0.,1.));
#6340=IFCCARTESIANTRANSFORMATIONOPERATOR3D(#6337,#6338,#6336,1.,#6339);
#6341=IFCMAPPEDITEM(#2448,#6340);
#6342=IFCSHAPEREPRESENTATION(#11,'Body','MappedRepresentation',(#6341));
#6343=IFCPRODUCTDEFINITIONSHAPE($,$,(#6342));
#6344=IFCRELVOIDSELEMENT('0a78D9be5CB8xOGvMeFMTO',$,$,$,#5653,#6330);
#6345=IFCCARTESIANPOINT((1.7514028996229172,0.,1.));
#6346=IFCDIRECTION((0.,0.,1.));
#6347=IFCDIRECTION((1.,0.,0.));
#6348=IFCAXIS2PLACEMENT3D(#6345,#6346,#6347);
#6349=IFCLOCALPLACEMENT(#6054,#6348);
#6350=IFCRELFILLSELEMENT('2qjVw7JdH85AG8cMwOKYVF',$,$,$,#6330,#6307);
#6351=IFCCARTESIANPOINT((0.,0.,0.));
#6352=IFCDIRECTION((0.,0.,1.));
#6353=IFCDIRECTION((1.,0.,0.));
#6354=IFCAXIS2PLACEMENT3D(#6351,#6352,#6353);
#6355=IFCLOCALPLACEMENT(#6349,#6354);
#6629=IFCWINDOW('0$TVU59V1CYwBqpEzZQw9D',$,'Window',$,$,#6677,#6637,$,0.8999999761581421,0.9509153366088867,$,$,$);
#6630=IFCCARTESIANPOINT((0.,0.,0.));
#6631=IFCDIRECTION((1.,0.,0.));
#6632=IFCDIRECTION((0.,1.,0.));
#6633=IFCDIRECTION((0.,0.,1.));
#6634=IFCCARTESIANTRANSFORMATIONOPERATOR3D(#6631,#6632,#6630,1.,#6633);
#6635=IFCMAPPEDITEM(#2333,#6634);
#6636=IFCSHAPEREPRESENTATION(#18,'Profile','MappedRepresentation',(#6635));
#6637=IFCPRODUCTDEFINITIONSHAPE($,$,(#6636,#6644,#6651));
#6638=IFCCARTESIANPOINT((0.,0.,0.));
#6639=IFCDIRECTION((1.,0.,0.));
#6640=IFCDIRECTION((0.,1.,0.));
#6641=IFCDIRECTION((0.,0.,1.));
#6642=IFCCARTESIANTRANSFORMATIONOPERATOR3D(#6639,#6640,#6638,1.,#6641);
#6643=IFCMAPPEDITEM(#2381,#6642);
#6644=IFCSHAPEREPRESENTATION(#11,'Body','MappedRepresentation',(#6643));
#6645=IFCCARTESIANPOINT((0.,0.,0.));
#6646=IFCDIRECTION((1.,0.,0.));
#6647=IFCDIRECTION((0.,1.,0.));
#6648=IFCDIRECTION((0.,0.,1.));
#6649=IFCCARTESIANTRANSFORMATIONOPERATOR3D(#6646,#6647,#6645,1.,#6648);
#6650=IFCMAPPEDITEM(#2403,#6649);
#6651=IFCSHAPEREPRESENTATION(#24,'Body','MappedRepresentation',(#6650));
#6652=IFCOPENINGELEMENT('35$zsUM0DElQgviMJvlF1M',$,'Opening',$,$,#8644,#6665,$,.OPENING.);
#6658=IFCCARTESIANPOINT((0.,0.,0.));
#6659=IFCDIRECTION((1.,0.,0.));
#6660=IFCDIRECTION((0.,1.,0.));
#6661=IFCDIRECTION((0.,0.,1.));
#6662=IFCCARTESIANTRANSFORMATIONOPERATOR3D(#6659,#6660,#6658,1.,#6661);
#6663=IFCMAPPEDITEM(#2448,#6662);
#6664=IFCSHAPEREPRESENTATION(#11,'Body','MappedRepresentation',(#6663));
#6665=IFCPRODUCTDEFINITIONSHAPE($,$,(#6664));
#6666=IFCRELVOIDSELEMENT('0NghTNy4nFoPsFpI5QSgg6',$,$,$,#5691,#6652);
#6672=IFCRELFILLSELEMENT('1PK0_05vH1bwre9D25Wnex',$,$,$,#6652,#6629);
#6673=IFCCARTESIANPOINT((0.,-4.440892098500626E-16,0.));
#6674=IFCDIRECTION((0.,0.,1.));
#6675=IFCDIRECTION((1.000000000000049,0.,0.));
#6676=IFCAXIS2PLACEMENT3D(#6673,#6674,#6675);
#6677=IFCLOCALPLACEMENT(#8644,#6676);
#6727=IFCCARTESIANPOINTLIST2D(((0.,0.),(0.,0.1),(3.0184207586578395,0.1),(3.0184207630289777,0.)));
#6728=IFCINDEXEDPOLYCURVE(#6727,(IFCLINEINDEX((1,2,3,4,1))),$);
#6729=IFCARBITRARYCLOSEDPROFILEDEF(.AREA.,$,#6728);
#6730=IFCCARTESIANPOINT((0.,0.,0.));
#6731=IFCDIRECTION((0.,0.,1.));
#6732=IFCDIRECTION((1.,0.,0.));
#6733=IFCAXIS2PLACEMENT3D(#6730,#6731,#6732);
#6734=IFCDIRECTION((0.,0.,1.));
#6735=IFCEXTRUDEDAREASOLID(#6729,#6733,#6734,3.);
#6736=IFCSHAPEREPRESENTATION(#11,'Body','SweptSolid',(#6735));
#6737=IFCCARTESIANPOINTLIST2D(((0.,0.),(3.1184207630289777,0.)));
#6738=IFCINDEXEDPOLYCURVE(#6737,$,$);
#6739=IFCSHAPEREPRESENTATION(#23,'Axis','Curve2D',(#6738));
#6887=IFCWINDOW('3A$cSETo58OAkcmhnkx$Pb',$,'Window',$,$,#6935,#6895,$,0.8999999761581421,1.064604640007019,$,$,$);
#6888=IFCCARTESIANPOINT((0.,0.,0.));
#6889=IFCDIRECTION((1.,0.,0.));
#6890=IFCDIRECTION((0.,1.,0.));
#6891=IFCDIRECTION((0.,0.,1.));
#6892=IFCCARTESIANTRANSFORMATIONOPERATOR3D(#6889,#6890,#6888,1.,#6891);
#6893=IFCMAPPEDITEM(#2669,#6892);
#6894=IFCSHAPEREPRESENTATION(#18,'Profile','MappedRepresentation',(#6893));
#6895=IFCPRODUCTDEFINITIONSHAPE($,$,(#6894,#6902,#6909));
#6896=IFCCARTESIANPOINT((0.,0.,0.));
#6897=IFCDIRECTION((1.,0.,0.));
#6898=IFCDIRECTION((0.,1.,0.));
#6899=IFCDIRECTION((0.,0.,1.));
#6900=IFCCARTESIANTRANSFORMATIONOPERATOR3D(#6897,#6898,#6896,1.,#6899);
#6901=IFCMAPPEDITEM(#2677,#6900);
#6902=IFCSHAPEREPRESENTATION(#11,'Body','MappedRepresentation',(#6901));
#6903=IFCCARTESIANPOINT((0.,0.,0.));
#6904=IFCDIRECTION((1.,0.,0.));
#6905=IFCDIRECTION((0.,1.,0.));
#6906=IFCDIRECTION((0.,0.,1.));
#6907=IFCCARTESIANTRANSFORMATIONOPERATOR3D(#6904,#6905,#6903,1.,#6906);
#6908=IFCMAPPEDITEM(#2725,#6907);
#6909=IFCSHAPEREPRESENTATION(#24,'Body','MappedRepresentation',(#6908));
#6910=IFCOPENINGELEMENT('2WghfS6nL1GQRqETqr5EbW',$,'Opening',$,$,#6929,#6923,$,.OPENING.);
#6916=IFCCARTESIANPOINT((0.,0.,0.));
#6917=IFCDIRECTION((1.,0.,0.));
#6918=IFCDIRECTION((0.,1.,0.));
#6919=IFCDIRECTION((0.,0.,1.));
#6920=IFCCARTESIANTRANSFORMATIONOPERATOR3D(#6917,#6918,#6916,1.,#6919);
#6921=IFCMAPPEDITEM(#2791,#6920);
#6922=IFCSHAPEREPRESENTATION(#11,'Body','MappedRepresentation',(#6921));
#6923=IFCPRODUCTDEFINITIONSHAPE($,$,(#6922));
#6924=IFCRELVOIDSELEMENT('1Rzy8LWj954QHJozvdpdLl',$,$,$,#5501,#6910);
#6925=IFCCARTESIANPOINT((1.334682106971808,-2.169649642169702E-07,1.));
#6926=IFCDIRECTION((0.,0.,1.));
#6927=IFCDIRECTION((0.9999999999999929,-1.1920928955077312E-07,0.));
#6928=IFCAXIS2PLACEMENT3D(#6925,#6926,#6927);
#6929=IFCLOCALPLACEMENT(#6034,#6928);
#6930=IFCRELFILLSELEMENT('2nhUTLsTn7IQdQh_nN2$OZ',$,$,$,#6910,#6887);
#6931=IFCCARTESIANPOINT((0.,0.,0.));
#6932=IFCDIRECTION((0.,0.,1.));
#6933=IFCDIRECTION((1.000000000000049,0.,0.));
#6934=IFCAXIS2PLACEMENT3D(#6931,#6932,#6933);
#6935=IFCLOCALPLACEMENT(#6929,#6934);
#7048=IFCWINDOW('2IM970vobAOgAeqU1vL$oy',$,'Window',$,$,#7096,#7056,$,0.8999999761581421,1.064604640007019,$,$,$);
#7049=IFCCARTESIANPOINT((0.,0.,0.));
#7050=IFCDIRECTION((1.,0.,0.));
#7051=IFCDIRECTION((0.,1.,0.));
#7052=IFCDIRECTION((0.,0.,1.));
#7053=IFCCARTESIANTRANSFORMATIONOPERATOR3D(#7050,#7051,#7049,1.,#7052);
#7054=IFCMAPPEDITEM(#2669,#7053);
#7055=IFCSHAPEREPRESENTATION(#18,'Profile','MappedRepresentation',(#7054));
#7056=IFCPRODUCTDEFINITIONSHAPE($,$,(#7055,#7063,#7070));
#7057=IFCCARTESIANPOINT((0.,0.,0.));
#7058=IFCDIRECTION((1.,0.,0.));
#7059=IFCDIRECTION((0.,1.,0.));
#7060=IFCDIRECTION((0.,0.,1.));
#7061=IFCCARTESIANTRANSFORMATIONOPERATOR3D(#7058,#7059,#7057,1.,#7060);
#7062=IFCMAPPEDITEM(#2677,#7061);
#7063=IFCSHAPEREPRESENTATION(#11,'Body','MappedRepresentation',(#7062));
#7064=IFCCARTESIANPOINT((0.,0.,0.));
#7065=IFCDIRECTION((1.,0.,0.));
#7066=IFCDIRECTION((0.,1.,0.));
#7067=IFCDIRECTION((0.,0.,1.));
#7068=IFCCARTESIANTRANSFORMATIONOPERATOR3D(#7065,#7066,#7064,1.,#7067);
#7069=IFCMAPPEDITEM(#2725,#7068);
#7070=IFCSHAPEREPRESENTATION(#24,'Body','MappedRepresentation',(#7069));
#7071=IFCOPENINGELEMENT('1jn3$TCq50O8ss57HatTCV',$,'Opening',$,$,#7090,#7084,$,.OPENING.);
#7077=IFCCARTESIANPOINT((0.,0.,0.));
#7078=IFCDIRECTION((1.,0.,0.));
#7079=IFCDIRECTION((0.,1.,0.));
#7080=IFCDIRECTION((0.,0.,1.));
#7081=IFCCARTESIANTRANSFORMATIONOPERATOR3D(#7078,#7079,#7077,1.,#7080);
#7082=IFCMAPPEDITEM(#2791,#7081);
#7083=IFCSHAPEREPRESENTATION(#11,'Body','MappedRepresentation',(#7082));
#7084=IFCPRODUCTDEFINITIONSHAPE($,$,(#7083));
#7085=IFCRELVOIDSELEMENT('0rvvdMUyTBNQ5ceWIowmnM',$,$,$,#5501,#7071);
#7086=IFCCARTESIANPOINT((4.005234718322863,-1.738263444295285E-07,1.));
#7087=IFCDIRECTION((0.,0.,1.));
#7088=IFCDIRECTION((0.9999999999999929,-1.1920928955077312E-07,0.));
#7089=IFCAXIS2PLACEMENT3D(#7086,#7087,#7088);
#7090=IFCLOCALPLACEMENT(#6034,#7089);
#7091=IFCRELFILLSELEMENT('0JIxiZ0ff4$wU7zy_dpOId',$,$,$,#7071,#7048);
#7092=IFCCARTESIANPOINT((0.,0.,0.));
#7093=IFCDIRECTION((0.,0.,1.));
#7094=IFCDIRECTION((1.000000000000049,0.,0.));
#7095=IFCAXIS2PLACEMENT3D(#7092,#7093,#7094);
#7096=IFCLOCALPLACEMENT(#7090,#7095);
#7097=IFCWINDOW('22rFryGKf0_f_JSzYdc$BB',$,'Window',$,$,#7145,#7105,$,0.8999999761581421,1.064604640007019,$,$,$);
#7098=IFCCARTESIANPOINT((0.,0.,0.));
#7099=IFCDIRECTION((1.,0.,0.));
#7100=IFCDIRECTION((0.,1.,0.));
#7101=IFCDIRECTION((0.,0.,1.));
#7102=IFCCARTESIANTRANSFORMATIONOPERATOR3D(#7099,#7100,#7098,1.,#7101);
#7103=IFCMAPPEDITEM(#2669,#7102);
#7104=IFCSHAPEREPRESENTATION(#18,'Profile','MappedRepresentation',(#7103));
#7105=IFCPRODUCTDEFINITIONSHAPE($,$,(#7104,#7112,#7119));
#7106=IFCCARTESIANPOINT((0.,0.,0.));
#7107=IFCDIRECTION((1.,0.,0.));
#7108=IFCDIRECTION((0.,1.,0.));
#7109=IFCDIRECTION((0.,0.,1.));
#7110=IFCCARTESIANTRANSFORMATIONOPERATOR3D(#7107,#7108,#7106,1.,#7109);
#7111=IFCMAPPEDITEM(#2677,#7110);
#7112=IFCSHAPEREPRESENTATION(#11,'Body','MappedRepresentation',(#7111));
#7113=IFCCARTESIANPOINT((0.,0.,0.));
#7114=IFCDIRECTION((1.,0.,0.));
#7115=IFCDIRECTION((0.,1.,0.));
#7116=IFCDIRECTION((0.,0.,1.));
#7117=IFCCARTESIANTRANSFORMATIONOPERATOR3D(#7114,#7115,#7113,1.,#7116);
#7118=IFCMAPPEDITEM(#2725,#7117);
#7119=IFCSHAPEREPRESENTATION(#24,'Body','MappedRepresentation',(#7118));
#7120=IFCOPENINGELEMENT('1A50ym0wD67gbg2L5tCruR',$,'Opening',$,$,#7139,#7133,$,.OPENING.);
#7126=IFCCARTESIANPOINT((0.,0.,0.));
#7127=IFCDIRECTION((1.,0.,0.));
#7128=IFCDIRECTION((0.,1.,0.));
#7129=IFCDIRECTION((0.,0.,1.));
#7130=IFCCARTESIANTRANSFORMATIONOPERATOR3D(#7127,#7128,#7126,1.,#7129);
#7131=IFCMAPPEDITEM(#2791,#7130);
#7132=IFCSHAPEREPRESENTATION(#11,'Body','MappedRepresentation',(#7131));
#7133=IFCPRODUCTDEFINITIONSHAPE($,$,(#7132));
#7134=IFCRELVOIDSELEMENT('0fwQ2hUxz7bPZyksZf4Q1Q',$,$,$,#5501,#7120);
#7135=IFCCARTESIANPOINT((6.5778851509095775,-1.497499821923043E-07,1.));
#7136=IFCDIRECTION((0.,0.,1.));
#7137=IFCDIRECTION((0.9999999999999929,-1.1920928955077312E-07,0.));
#7138=IFCAXIS2PLACEMENT3D(#7135,#7136,#7137);
#7139=IFCLOCALPLACEMENT(#6034,#7138);
#7140=IFCRELFILLSELEMENT('35X2aQ69L5lOUUt2kuZMW4',$,$,$,#7120,#7097);
#7141=IFCCARTESIANPOINT((-4.440892098500626E-16,0.,0.));
#7142=IFCDIRECTION((0.,0.,1.));
#7143=IFCDIRECTION((1.000000000000049,0.,0.));
#7144=IFCAXIS2PLACEMENT3D(#7141,#7142,#7143);
#7145=IFCLOCALPLACEMENT(#7139,#7144);
#7146=IFCWINDOW('1Nzb9rf_XEERkzDK1bxINy',$,'Window',$,$,#7194,#7154,$,0.8999999761581421,0.9509153366088867,$,$,$);
#7147=IFCCARTESIANPOINT((0.,0.,0.));
#7148=IFCDIRECTION((1.,0.,0.));
#7149=IFCDIRECTION((0.,1.,0.));
#7150=IFCDIRECTION((0.,0.,1.));
#7151=IFCCARTESIANTRANSFORMATIONOPERATOR3D(#7148,#7149,#7147,1.,#7150);
#7152=IFCMAPPEDITEM(#2333,#7151);
#7153=IFCSHAPEREPRESENTATION(#18,'Profile','MappedRepresentation',(#7152));
#7154=IFCPRODUCTDEFINITIONSHAPE($,$,(#7153,#7161,#7168));
#7155=IFCCARTESIANPOINT((0.,0.,0.));
#7156=IFCDIRECTION((1.,0.,0.));
#7157=IFCDIRECTION((0.,1.,0.));
#7158=IFCDIRECTION((0.,0.,1.));
#7159=IFCCARTESIANTRANSFORMATIONOPERATOR3D(#7156,#7157,#7155,1.,#7158);
#7160=IFCMAPPEDITEM(#2381,#7159);
#7161=IFCSHAPEREPRESENTATION(#11,'Body','MappedRepresentation',(#7160));
#7162=IFCCARTESIANPOINT((0.,0.,0.));
#7163=IFCDIRECTION((1.,0.,0.));
#7164=IFCDIRECTION((0.,1.,0.));
#7165=IFCDIRECTION((0.,0.,1.));
#7166=IFCCARTESIANTRANSFORMATIONOPERATOR3D(#7163,#7164,#7162,1.,#7165);
#7167=IFCMAPPEDITEM(#2403,#7166);
#7168=IFCSHAPEREPRESENTATION(#24,'Body','MappedRepresentation',(#7167));
#7169=IFCOPENINGELEMENT('06pBk52K50PfmcmHmHzz9N',$,'Opening',$,$,#7188,#7182,$,.OPENING.);
#7175=IFCCARTESIANPOINT((0.,0.,0.));
#7176=IFCDIRECTION((1.,0.,0.));
#7177=IFCDIRECTION((0.,1.,0.));
#7178=IFCDIRECTION((0.,0.,1.));
#7179=IFCCARTESIANTRANSFORMATIONOPERATOR3D(#7176,#7177,#7175,1.,#7178);
#7180=IFCMAPPEDITEM(#2448,#7179);
#7181=IFCSHAPEREPRESENTATION(#11,'Body','MappedRepresentation',(#7180));
#7182=IFCPRODUCTDEFINITIONSHAPE($,$,(#7181));
#7183=IFCRELVOIDSELEMENT('1eXhaXN713heN9E6mz9qNh',$,$,$,#5273,#7169);
#7184=IFCCARTESIANPOINT((1.153691768646227,-1.742026141116071E-07,1.));
#7185=IFCDIRECTION((0.,0.,1.));
#7186=IFCDIRECTION((1.,0.,0.));
#7187=IFCAXIS2PLACEMENT3D(#7184,#7185,#7186);
#7188=IFCLOCALPLACEMENT(#6004,#7187);
#7189=IFCRELFILLSELEMENT('0CprcDCX5DQ8h0Z2KQnYSY',$,$,$,#7169,#7146);
#7190=IFCCARTESIANPOINT((-4.440892098500626E-16,0.,0.));
#7191=IFCDIRECTION((0.,0.,1.));
#7192=IFCDIRECTION((1.0000000000000113,0.,0.));
#7193=IFCAXIS2PLACEMENT3D(#7190,#7191,#7192);
#7194=IFCLOCALPLACEMENT(#7188,#7193);
#7267=IFCWALL('1xA8bJhoDFgA6MCAoqNC8b',$,'Wall',$,$,#7278,#7273,$,$);
#7268=IFCMATERIALLAYERSETUSAGE(#82,.AXIS2.,.POSITIVE.,0.,$);
#7269=IFCRELASSOCIATESMATERIAL('3gYvyBGTH3XRQ4T8Wcol4a',$,$,$,(#7267),#7268);
#7273=IFCPRODUCTDEFINITIONSHAPE($,$,(#8129,#8126));
#7274=IFCCARTESIANPOINT((0.3250259459018707,2.637038469314575,0.));
#7275=IFCDIRECTION((0.,0.,1.));
#7276=IFCDIRECTION((-0.00018684467067942023,1.,0.));
#7277=IFCAXIS2PLACEMENT3D(#7274,#7275,#7276);
#7278=IFCLOCALPLACEMENT(#5027,#7277);
#7289=IFCPROPERTYSET('10teIUC7LFCehEVnudeeV0',$,'EPset_Parametric',$,(#7291));
#7290=IFCRELDEFINESBYPROPERTIES('11YgSpOTD9uA11dI9rnERv',$,$,$,(#7267),#7289);
#7291=IFCPROPERTYSINGLEVALUE('Engine',$,IFCLABEL('Bonsai.DumbLayer2'),$);
#7531=IFCBUILDINGSTOREY('0KFUm1Xmn79Rxq8HAK1wKB',$,'Roof',$,$,#7585,$,$,$,6.);
#7581=IFCCARTESIANPOINT((0.,0.,6.));
#7582=IFCDIRECTION((0.,0.,1.));
#7583=IFCDIRECTION((1.,0.,0.));
#7584=IFCAXIS2PLACEMENT3D(#7581,#7582,#7583);
#7585=IFCLOCALPLACEMENT(#56,#7584);
#7942=IFCROOF('2RQU0X_ufDlQyy78Kad3Ke',$,'Roof',$,$,#8018,#7952,$,$);
#7943=IFCRELCONTAINEDINSPATIALSTRUCTURE('0JWyyFX6b5VBFo92YunOXm',$,$,$,(#7992,#7942),#7531);
#7944=IFCRELDEFINESBYTYPE('07V7cGF$bDOxIpFChMCjh4',$,$,$,(#7942),#5082);
#7945=IFCCARTESIANPOINT((0.,0.,0.));
#7946=IFCDIRECTION((1.,0.,0.));
#7947=IFCDIRECTION((0.,1.,0.));
#7948=IFCDIRECTION((0.,0.,1.));
#7949=IFCCARTESIANTRANSFORMATIONOPERATOR3D(#7946,#7947,#7945,1.,#7948);
#7950=IFCMAPPEDITEM(#5112,#7949);
#7951=IFCSHAPEREPRESENTATION(#11,'Body','MappedRepresentation',(#7950));
#7952=IFCPRODUCTDEFINITIONSHAPE($,$,(#7951,#7959));
#7953=IFCCARTESIANPOINT((0.,0.,0.));
#7954=IFCDIRECTION((1.,0.,0.));
#7955=IFCDIRECTION((0.,1.,0.));
#7956=IFCDIRECTION((0.,0.,1.));
#7957=IFCCARTESIANTRANSFORMATIONOPERATOR3D(#7954,#7955,#7953,1.,#7956);
#7958=IFCMAPPEDITEM(#5140,#7957);
#7959=IFCSHAPEREPRESENTATION(#13,'Box','MappedRepresentation',(#7958));
#7992=IFCSLAB('2j4yguigzFChufc3vmhkS8',$,'Slab',$,$,#7999,#8006,$,$);
#7993=IFCMATERIALLAYERSETUSAGE(#5029,.AXIS3.,.POSITIVE.,-0.10000000149011612,$);
#7994=IFCRELASSOCIATESMATERIAL('2r231XCyn7lwGUyz_qYwn0',$,$,$,(#7992),#7993);
#7995=IFCCARTESIANPOINT((-3.8589184284210205,6.819699287414551,0.));
#7996=IFCDIRECTION((0.,0.,1.));
#7997=IFCDIRECTION((1.,0.,0.));
#7998=IFCAXIS2PLACEMENT3D(#7995,#7996,#7997);
#7999=IFCLOCALPLACEMENT(#7585,#7998);
#8000=IFCCARTESIANPOINTLIST2D(((0.,0.),(0.,-10.),(10.,-10.),(10.,0.),(0.,0.)));
#8001=IFCINDEXEDPOLYCURVE(#8000,$,$);
#8002=IFCDIRECTION((0.,0.,1.));
#8003=IFCARBITRARYCLOSEDPROFILEDEF(.AREA.,$,#8001);
#8004=IFCEXTRUDEDAREASOLID(#8003,#8013,#8002,0.1);
#8005=IFCSHAPEREPRESENTATION(#11,'Body','SweptSolid',(#8004));
#8006=IFCPRODUCTDEFINITIONSHAPE($,$,(#8005));
#8007=IFCPROPERTYSET('2baO2AdBT9PfMix2nvYG3x',$,'EPset_Parametric',$,(#8009));
#8008=IFCRELDEFINESBYPROPERTIES('0au3EV8R18bgcOTgsRTGEa',$,$,$,(#7992),#8007);
#8009=IFCPROPERTYSINGLEVALUE('Engine',$,IFCLABEL('Bonsai.DumbLayer3'),$);
#8010=IFCCARTESIANPOINT((-0.,-0.,-0.10000000149011612));
#8011=IFCDIRECTION((0.,0.,1.));
#8012=IFCDIRECTION((1.,0.,0.));
#8013=IFCAXIS2PLACEMENT3D(#8010,#8011,#8012);
#8014=IFCCARTESIANPOINT((1.1410815715789795,1.8196990489959717,0.10154247283935547));
#8015=IFCDIRECTION((0.,0.,1.));
#8016=IFCDIRECTION((1.,0.,0.));
#8017=IFCAXIS2PLACEMENT3D(#8014,#8015,#8016);
#8018=IFCLOCALPLACEMENT(#7585,#8017);
#8117=IFCCARTESIANPOINTLIST2D(((0.,0.),(0.,0.1),(0.0012760164480924336,0.1),(0.0012760164480924336,0.)));
#8118=IFCINDEXEDPOLYCURVE(#8117,(IFCLINEINDEX((1,2,3,4,1))),$);
#8119=IFCARBITRARYCLOSEDPROFILEDEF(.AREA.,$,#8118);
#8120=IFCCARTESIANPOINT((0.,0.,0.));
#8121=IFCDIRECTION((0.,0.,1.));
#8122=IFCDIRECTION((1.,0.,0.));
#8123=IFCAXIS2PLACEMENT3D(#8120,#8121,#8122);
#8124=IFCDIRECTION((0.,0.,1.));
#8125=IFCEXTRUDEDAREASOLID(#8119,#8123,#8124,3.);
#8126=IFCSHAPEREPRESENTATION(#11,'Body','SweptSolid',(#8125));
#8127=IFCCARTESIANPOINTLIST2D(((0.,0.),(0.0012760164480924336,0.)));
#8128=IFCINDEXEDPOLYCURVE(#8127,$,$);
#8129=IFCSHAPEREPRESENTATION(#23,'Axis','Curve2D',(#8128));
#8421=IFCWALL('02za0AiL97ZPILFyiXcGOU',$,'Wall',$,$,#8432,#8427,$,$);
#8422=IFCMATERIALLAYERSETUSAGE(#82,.AXIS2.,.POSITIVE.,0.,$);
#8423=IFCRELASSOCIATESMATERIAL('33n$lsvAL3xAd_Hoz1VHca',$,$,$,(#8421),#8422);
#8427=IFCPRODUCTDEFINITIONSHAPE($,$,(#8528,#8525));
#8428=IFCCARTESIANPOINT((-2.7933950424194336,-0.11010599136352539,0.));
#8429=IFCDIRECTION((0.,0.,1.));
#8430=IFCDIRECTION((-4.371138828673793E-08,-1.,0.));
#8431=IFCAXIS2PLACEMENT3D(#8428,#8429,#8430);
#8432=IFCLOCALPLACEMENT(#5027,#8431);
#8443=IFCPROPERTYSET('3env0i8Wb5CQBGECBKWXam',$,'EPset_Parametric',$,(#8445));
#8444=IFCRELDEFINESBYPROPERTIES('0cUNN8A_r8bxgQWP9X3kae',$,$,$,(#8421),#8443);
#8445=IFCPROPERTYSINGLEVALUE('Engine',$,IFCLABEL('Bonsai.DumbLayer2'),$);
#8446=IFCWALL('15Ap97I8H61xYHMoOxFTZ2',$,'Wall',$,$,#8515,#8452,$,$);
#8447=IFCMATERIALLAYERSETUSAGE(#82,.AXIS2.,.POSITIVE.,0.,$);
#8448=IFCRELASSOCIATESMATERIAL('18_ftS49PEIAP6diN0meuK',$,$,$,(#8446),#8447);
#8452=IFCPRODUCTDEFINITIONSHAPE($,$,(#8510,#8507));
#8468=IFCPROPERTYSET('2LOO1_HAP3$BUsmUtJeg9h',$,'EPset_Parametric',$,(#8470));
#8469=IFCRELDEFINESBYPROPERTIES('2$zvwaalrFG9GSSTG5jgvP',$,$,$,(#8446),#8468);
#8470=IFCPROPERTYSINGLEVALUE('Engine',$,IFCLABEL('Bonsai.DumbLayer2'),$);
#8497=IFCRELCONNECTSPATHELEMENTS('00L6aXt8X2aRn49baxYZJw',$,$,$,$,#8446,#8421,(),(),.ATEND.,.ATSTART.);
#8498=IFCCARTESIANPOINTLIST2D(((0.,0.),(0.09995061623546682,0.1),(3.020000649959602,0.1),(3.020000649959602,0.)));
#8499=IFCINDEXEDPOLYCURVE(#8498,(IFCLINEINDEX((1,2,3,4,1))),$);
#8500=IFCARBITRARYCLOSEDPROFILEDEF(.AREA.,$,#8499);
#8501=IFCCARTESIANPOINT((0.,0.,0.));
#8502=IFCDIRECTION((0.,0.,1.));
#8503=IFCDIRECTION((1.,0.,0.));
#8504=IFCAXIS2PLACEMENT3D(#8501,#8502,#8503);
#8505=IFCDIRECTION((0.,0.,1.));
#8506=IFCEXTRUDEDAREASOLID(#8500,#8504,#8505,3.);
#8507=IFCSHAPEREPRESENTATION(#11,'Body','SweptSolid',(#8506));
#8508=IFCCARTESIANPOINTLIST2D(((0.,0.),(3.020000649959602,0.)));
#8509=IFCINDEXEDPOLYCURVE(#8508,$,$);
#8510=IFCSHAPEREPRESENTATION(#23,'Axis','Curve2D',(#8509));
#8511=IFCCARTESIANPOINT((-2.7933950948731017,-1.3101060390213288,0.));
#8512=IFCDIRECTION((0.,0.,1.));
#8513=IFCDIRECTION((0.999999877980365,-0.0004940032945101175,0.));
#8514=IFCAXIS2PLACEMENT3D(#8511,#8512,#8513);
#8515=IFCLOCALPLACEMENT(#5027,#8514);
#8516=IFCCARTESIANPOINTLIST2D(((0.,0.),(0.,0.1),(1.1000494314223377,0.1),(1.2000000476578045,0.)));
#8517=IFCINDEXEDPOLYCURVE(#8516,(IFCLINEINDEX((1,2,3,4,1))),$);
#8518=IFCARBITRARYCLOSEDPROFILEDEF(.AREA.,$,#8517);
#8519=IFCCARTESIANPOINT((0.,0.,0.));
#8520=IFCDIRECTION((0.,0.,1.));
#8521=IFCDIRECTION((1.,0.,0.));
#8522=IFCAXIS2PLACEMENT3D(#8519,#8520,#8521);
#8523=IFCDIRECTION((0.,0.,1.));
#8524=IFCEXTRUDEDAREASOLID(#8518,#8522,#8523,3.);
#8525=IFCSHAPEREPRESENTATION(#11,'Body','SweptSolid',(#8524));
#8526=IFCCARTESIANPOINTLIST2D(((0.,0.),(1.2000000476578045,0.)));
#8527=IFCINDEXEDPOLYCURVE(#8526,$,$);
#8528=IFCSHAPEREPRESENTATION(#23,'Axis','Curve2D',(#8527));
#8529=IFCSLAB('3611gLLO57aQ1oz21DaZBH',$,'Slab',$,$,#8536,#8543,$,$);
#8530=IFCMATERIALLAYERSETUSAGE(#5029,.AXIS3.,.POSITIVE.,-0.10000000149011612,$);
#8531=IFCRELASSOCIATESMATERIAL('2CqnhwgAP0ZvaoaSkr69UZ',$,$,$,(#8529),#8530);
#8532=IFCCARTESIANPOINT((-2.7933950424194336,-0.11010599136352539,0.));
#8533=IFCDIRECTION((0.,0.,1.));
#8534=IFCDIRECTION((1.,0.,0.));
#8535=IFCAXIS2PLACEMENT3D(#8532,#8533,#8534);
#8536=IFCLOCALPLACEMENT(#5027,#8535);
#8537=IFCCARTESIANPOINTLIST2D(((0.,0.),(0.,-1.2000000476837158),(3.0200002193450928,-1.2014919519424438),(3.0199999809265137,0.),(0.,0.)));
#8538=IFCINDEXEDPOLYCURVE(#8537,$,$);
#8539=IFCDIRECTION((0.,0.,1.));
#8540=IFCARBITRARYCLOSEDPROFILEDEF(.AREA.,$,#8538);
#8541=IFCEXTRUDEDAREASOLID(#8540,#8550,#8539,0.1);
#8542=IFCSHAPEREPRESENTATION(#11,'Body','SweptSolid',(#8541));
#8543=IFCPRODUCTDEFINITIONSHAPE($,$,(#8542));
#8544=IFCPROPERTYSET('1OVQ69CKf45QPDiDd87L9q',$,'EPset_Parametric',$,(#8546));
#8545=IFCRELDEFINESBYPROPERTIES('1Pzoardsz4wuDn4xP1n3hi',$,$,$,(#8529),#8544);
#8546=IFCPROPERTYSINGLEVALUE('Engine',$,IFCLABEL('Bonsai.DumbLayer3'),$);
#8547=IFCCARTESIANPOINT((-0.,-0.,-0.10000000149011612));
#8548=IFCDIRECTION((0.,0.,1.));
#8549=IFCDIRECTION((1.,0.,0.));
#8550=IFCAXIS2PLACEMENT3D(#8547,#8548,#8549);
#8601=IFCCARTESIANPOINT((0.2266043514830717,2.9048007890940966,0.));
#8602=IFCDIRECTION((0.,0.,1.));
#8603=IFCDIRECTION((1.9470718370939353E-07,-0.9999999999999811,0.));
#8604=IFCAXIS2PLACEMENT3D(#8601,#8602,#8603);
#8605=IFCLOCALPLACEMENT(#5027,#8604);
#8606=IFCCARTESIANPOINTLIST2D(((0.,0.),(0.,0.1),(5.394907057420508,0.1),(5.494907037949791,0.)));
#8607=IFCINDEXEDPOLYCURVE(#8606,(IFCLINEINDEX((1,2,3,4,1))),$);
#8608=IFCARBITRARYCLOSEDPROFILEDEF(.AREA.,$,#8607);
#8609=IFCCARTESIANPOINT((0.,0.,0.));
#8610=IFCDIRECTION((0.,0.,1.));
#8611=IFCDIRECTION((1.,0.,0.));
#8612=IFCAXIS2PLACEMENT3D(#8609,#8610,#8611);
#8613=IFCDIRECTION((0.,0.,1.));
#8614=IFCEXTRUDEDAREASOLID(#8608,#8612,#8613,3.);
#8615=IFCSHAPEREPRESENTATION(#11,'Body','SweptSolid',(#8614));
#8616=IFCCARTESIANPOINTLIST2D(((0.,0.),(5.494907037949791,0.)));
#8617=IFCINDEXEDPOLYCURVE(#8616,$,$);
#8618=IFCSHAPEREPRESENTATION(#23,'Axis','Curve2D',(#8617));
#8635=IFCCARTESIANPOINT((-2.793395107432354,2.904799835419891,0.));
#8636=IFCDIRECTION((0.,0.,1.));
#8637=IFCDIRECTION((1.9470718370939353E-07,-0.9999999999999811,0.));
#8638=IFCAXIS2PLACEMENT3D(#8635,#8636,#8637);
#8639=IFCLOCALPLACEMENT(#5027,#8638);
#8640=IFCCARTESIANPOINT((0.9733690187694937,-1.2450901953897642E-07,1.));
#8641=IFCDIRECTION((0.,0.,1.));
#8642=IFCDIRECTION((0.9999999999999929,1.1920928955077307E-07,0.));
#8643=IFCAXIS2PLACEMENT3D(#8640,#8641,#8642);
#8644=IFCLOCALPLACEMENT(#8639,#8643);
#8650=IFCCARTESIANPOINTLIST2D(((0.,0.),(0.,0.1),(3.014905826783473,0.1),(3.014905826783473,0.)));
#8651=IFCINDEXEDPOLYCURVE(#8650,(IFCLINEINDEX((1,2,3,4,1))),$);
#8652=IFCARBITRARYCLOSEDPROFILEDEF(.AREA.,$,#8651);
#8653=IFCCARTESIANPOINT((0.,0.,0.));
#8654=IFCDIRECTION((0.,0.,1.));
#8655=IFCDIRECTION((1.,0.,0.));
#8656=IFCAXIS2PLACEMENT3D(#8653,#8654,#8655);
#8657=IFCDIRECTION((0.,0.,1.));
#8658=IFCEXTRUDEDAREASOLID(#8652,#8656,#8657,3.);
#8659=IFCSHAPEREPRESENTATION(#11,'Body','SweptSolid',(#8658));
#8660=IFCCARTESIANPOINTLIST2D(((0.,0.),(3.014905826783473,0.)));
#8661=IFCINDEXEDPOLYCURVE(#8660,$,$);
#8662=IFCSHAPEREPRESENTATION(#23,'Axis','Curve2D',(#8661));
#8663=IFCWALL('2Vk9Kjyv50pPUckVi0vYCp',$,'Wall',$,$,#8674,#8669,$,$);
#8664=IFCMATERIALLAYERSETUSAGE(#82,.AXIS2.,.POSITIVE.,0.,$);
#8665=IFCRELASSOCIATESMATERIAL('07hh168l181BfodhZgYDyz',$,$,$,(#8663),#8664);
#8669=IFCPRODUCTDEFINITIONSHAPE($,$,(#8700,#8697));
#8670=IFCCARTESIANPOINT((0.32660436630249023,2.9048008918762207,0.));
#8671=IFCDIRECTION((0.,0.,1.));
#8672=IFCDIRECTION((-0.0016130638541653752,0.9999986886978149,0.));
#8673=IFCAXIS2PLACEMENT3D(#8670,#8671,#8672);
#8674=IFCLOCALPLACEMENT(#5027,#8673);
#8685=IFCPROPERTYSET('25PqizFgnBohkduBFm4PtC',$,'EPset_Parametric',$,(#8687));
#8686=IFCRELDEFINESBYPROPERTIES('2QhpcYvlD8cva4BLf5hjcX',$,$,$,(#8663),#8685);
#8687=IFCPROPERTYSINGLEVALUE('Engine',$,IFCLABEL('Bonsai.DumbLayer2'),$);
#8688=IFCCARTESIANPOINTLIST2D(((0.,0.),(0.,0.1),(2.015095504996059,0.1),(2.015095504996059,0.)));
#8689=IFCINDEXEDPOLYCURVE(#8688,(IFCLINEINDEX((1,2,3,4,1))),$);
#8690=IFCARBITRARYCLOSEDPROFILEDEF(.AREA.,$,#8689);
#8691=IFCCARTESIANPOINT((0.,0.,0.));
#8692=IFCDIRECTION((0.,0.,1.));
#8693=IFCDIRECTION((1.,0.,0.));
#8694=IFCAXIS2PLACEMENT3D(#8691,#8692,#8693);
#8695=IFCDIRECTION((0.,0.,1.));
#8696=IFCEXTRUDEDAREASOLID(#8690,#8694,#8695,3.);
#8697=IFCSHAPEREPRESENTATION(#11,'Body','SweptSolid',(#8696));
#8698=IFCCARTESIANPOINTLIST2D(((0.,0.),(2.015095504996059,0.)));
#8699=IFCINDEXEDPOLYCURVE(#8698,$,$);
#8700=IFCSHAPEREPRESENTATION(#23,'Axis','Curve2D',(#8699));
#8701=IFCWALL('1FFhJFjiHDOvBueDzdq2C4',$,'Wall',$,$,#8712,#8707,$,$);
#8702=IFCMATERIALLAYERSETUSAGE(#82,.AXIS2.,.POSITIVE.,0.,$);
#8703=IFCRELASSOCIATESMATERIAL('0PoTKILP192QL2fstkA1BK',$,$,$,(#8701),#8702);
#8707=IFCPRODUCTDEFINITIONSHAPE($,$,(#8738,#8735));
#8708=IFCCARTESIANPOINT((-2.6933951377868652,2.9047999382019043,0.));
#8709=IFCDIRECTION((0.,0.,1.));
#8710=IFCDIRECTION((-4.0133926404450904E-07,1.,0.));
#8711=IFCAXIS2PLACEMENT3D(#8708,#8709,#8710);
#8712=IFCLOCALPLACEMENT(#5027,#8711);
#8723=IFCPROPERTYSET('0yNNV9$Cr0B85mU8rQZ77n',$,'EPset_Parametric',$,(#8725));
#8724=IFCRELDEFINESBYPROPERTIES('04z1u$V8XCAfd0L34PD3w4',$,$,$,(#8701),#8723);
#8725=IFCPROPERTYSINGLEVALUE('Engine',$,IFCLABEL('Bonsai.DumbLayer2'),$);
#8726=IFCCARTESIANPOINTLIST2D(((0.,0.),(0.,0.1),(2.0150952493196925,0.1),(2.0150952493196925,0.)));
#8727=IFCINDEXEDPOLYCURVE(#8726,(IFCLINEINDEX((1,2,3,4,1))),$);
#8728=IFCARBITRARYCLOSEDPROFILEDEF(.AREA.,$,#8727);
#8729=IFCCARTESIANPOINT((0.,0.,0.));
#8730=IFCDIRECTION((0.,0.,1.));
#8731=IFCDIRECTION((1.,0.,0.));
#8732=IFCAXIS2PLACEMENT3D(#8729,#8730,#8731);
#8733=IFCDIRECTION((0.,0.,1.));
#8734=IFCEXTRUDEDAREASOLID(#8728,#8732,#8733,3.);
#8735=IFCSHAPEREPRESENTATION(#11,'Body','SweptSolid',(#8734));
#8736=IFCCARTESIANPOINTLIST2D(((0.,0.),(2.0150952493196925,0.)));
#8737=IFCINDEXEDPOLYCURVE(#8736,$,$);
#8738=IFCSHAPEREPRESENTATION(#23,'Axis','Curve2D',(#8737));
#8739=IFCDOOR('14GS4e8KPCgAxD6QTgRN3z',$,'Door',$,$,#8787,#8747,$,2.,0.87245774269104,$,$,$);
#8740=IFCCARTESIANPOINT((0.,0.,0.));
#8741=IFCDIRECTION((1.,0.,0.));
#8742=IFCDIRECTION((0.,1.,0.));
#8743=IFCDIRECTION((0.,0.,1.));
#8744=IFCCARTESIANTRANSFORMATIONOPERATOR3D(#8741,#8742,#8740,1.,#8743);
#8745=IFCMAPPEDITEM(#1450,#8744);
#8746=IFCSHAPEREPRESENTATION(#18,'Profile','MappedRepresentation',(#8745));
#8747=IFCPRODUCTDEFINITIONSHAPE($,$,(#8746,#8754,#8761));
#8748=IFCCARTESIANPOINT((0.,0.,0.));
#8749=IFCDIRECTION((1.,0.,0.));
#8750=IFCDIRECTION((0.,1.,0.));
#8751=IFCDIRECTION((0.,0.,1.));
#8752=IFCCARTESIANTRANSFORMATIONOPERATOR3D(#8749,#8750,#8748,1.,#8751);
#8753=IFCMAPPEDITEM(#1458,#8752);
#8754=IFCSHAPEREPRESENTATION(#11,'Body','MappedRepresentation',(#8753));
#8755=IFCCARTESIANPOINT((0.,0.,0.));
#8756=IFCDIRECTION((1.,0.,0.));
#8757=IFCDIRECTION((0.,1.,0.));
#8758=IFCDIRECTION((0.,0.,1.));
#8759=IFCCARTESIANTRANSFORMATIONOPERATOR3D(#8756,#8757,#8755,1.,#8758);
#8760=IFCMAPPEDITEM(#1536,#8759);
#8761=IFCSHAPEREPRESENTATION(#24,'Body','MappedRepresentation',(#8760));
#8762=IFCOPENINGELEMENT('2iT_172yrF_eFNmYWnTOrG',$,'Opening',$,$,#8781,#8775,$,.OPENING.);
#8768=IFCCARTESIANPOINT((0.,0.,0.));
#8769=IFCDIRECTION((1.,0.,0.));
#8770=IFCDIRECTION((0.,1.,0.));
#8771=IFCDIRECTION((0.,0.,1.));
#8772=IFCCARTESIANTRANSFORMATIONOPERATOR3D(#8769,#8770,#8768,1.,#8771);
#8773=IFCMAPPEDITEM(#1599,#8772);
#8774=IFCSHAPEREPRESENTATION(#11,'Body','MappedRepresentation',(#8773));
#8775=IFCPRODUCTDEFINITIONSHAPE($,$,(#8774));
#8776=IFCRELVOIDSELEMENT('03Un68I2fAcOVdMAA8ZeEP',$,$,$,#5311,#8762);
#8777=IFCCARTESIANPOINT((1.3803288103501568,0.10000019309432098,0.));
#8778=IFCDIRECTION((0.,0.,1.));
#8779=IFCDIRECTION((-0.9999999999999962,-8.742279078432538E-08,0.));
#8780=IFCAXIS2PLACEMENT3D(#8777,#8778,#8779);
#8781=IFCLOCALPLACEMENT(#8605,#8780);
#8782=IFCRELFILLSELEMENT('3i26w6Gh1CfOmMhulNHgnf',$,$,$,#8762,#8739);
#8783=IFCCARTESIANPOINT((2.220446049250313E-16,0.,0.));
#8784=IFCDIRECTION((0.,0.,1.));
#8785=IFCDIRECTION((1.0000000000000395,5.293955920339377E-23,0.));
#8786=IFCAXIS2PLACEMENT3D(#8783,#8784,#8785);
#8787=IFCLOCALPLACEMENT(#8781,#8786);
#8788=IFCDOOR('1hetXNJ3PCmPThsV$OUyh6',$,'Door',$,$,#8836,#8796,$,2.,0.87245774269104,$,$,$);
#8789=IFCCARTESIANPOINT((0.,0.,0.));
#8790=IFCDIRECTION((1.,0.,0.));
#8791=IFCDIRECTION((0.,1.,0.));
#8792=IFCDIRECTION((0.,0.,1.));
#8793=IFCCARTESIANTRANSFORMATIONOPERATOR3D(#8790,#8791,#8789,1.,#8792);
#8794=IFCMAPPEDITEM(#1450,#8793);
#8795=IFCSHAPEREPRESENTATION(#18,'Profile','MappedRepresentation',(#8794));
#8796=IFCPRODUCTDEFINITIONSHAPE($,$,(#8795,#8803,#8810));
#8797=IFCCARTESIANPOINT((0.,0.,0.));
#8798=IFCDIRECTION((1.,0.,0.));
#8799=IFCDIRECTION((0.,1.,0.));
#8800=IFCDIRECTION((0.,0.,1.));
#8801=IFCCARTESIANTRANSFORMATIONOPERATOR3D(#8798,#8799,#8797,1.,#8800);
#8802=IFCMAPPEDITEM(#1458,#8801);
#8803=IFCSHAPEREPRESENTATION(#11,'Body','MappedRepresentation',(#8802));
#8804=IFCCARTESIANPOINT((0.,0.,0.));
#8805=IFCDIRECTION((1.,0.,0.));
#8806=IFCDIRECTION((0.,1.,0.));
#8807=IFCDIRECTION((0.,0.,1.));
#8808=IFCCARTESIANTRANSFORMATIONOPERATOR3D(#8805,#8806,#8804,1.,#8807);
#8809=IFCMAPPEDITEM(#1536,#8808);
#8810=IFCSHAPEREPRESENTATION(#24,'Body','MappedRepresentation',(#8809));
#8811=IFCOPENINGELEMENT('3FpT3HbAD61O7oiNUzldPt',$,'Opening',$,$,#8830,#8824,$,.OPENING.);
#8817=IFCCARTESIANPOINT((0.,0.,0.));
#8818=IFCDIRECTION((1.,0.,0.));
#8819=IFCDIRECTION((0.,1.,0.));
#8820=IFCDIRECTION((0.,0.,1.));
#8821=IFCCARTESIANTRANSFORMATIONOPERATOR3D(#8818,#8819,#8817,1.,#8820);
#8822=IFCMAPPEDITEM(#1599,#8821);
#8823=IFCSHAPEREPRESENTATION(#11,'Body','MappedRepresentation',(#8822));
#8824=IFCPRODUCTDEFINITIONSHAPE($,$,(#8823));
#8825=IFCRELVOIDSELEMENT('2btouzq$HE6htmiTCNibUE',$,$,$,#8663,#8811);
#8826=IFCCARTESIANPOINT((0.,-5.551115123125783E-17,0.));
#8827=IFCDIRECTION((0.,0.,1.));
#8828=IFCDIRECTION((0.9999999999999929,-1.1920913571355184E-07,0.));
#8829=IFCAXIS2PLACEMENT3D(#8826,#8827,#8828);
#8830=IFCLOCALPLACEMENT(#8674,#8829);
#8831=IFCRELFILLSELEMENT('2YFelmCW50GPQWcHg0uWZg',$,$,$,#8811,#8788);
#8832=IFCCARTESIANPOINT((0.,5.551115123125783E-17,0.));
#8833=IFCDIRECTION((0.,0.,1.));
#8834=IFCDIRECTION((0.9999999894938882,4.336808689942018E-19,0.));
#8835=IFCAXIS2PLACEMENT3D(#8832,#8833,#8834);
#8836=IFCLOCALPLACEMENT(#8830,#8835);
#8865=IFCDOOR('3N4vJeieL26hB9$fbQHQ90',$,'Door',$,$,#8913,#8873,$,2.,0.8053467273712158,$,$,$);
#8866=IFCCARTESIANPOINT((0.,0.,0.));
#8867=IFCDIRECTION((1.,0.,0.));
#8868=IFCDIRECTION((0.,1.,0.));
#8869=IFCDIRECTION((0.,0.,1.));
#8870=IFCCARTESIANTRANSFORMATIONOPERATOR3D(#8867,#8868,#8866,1.,#8869);
#8871=IFCMAPPEDITEM(#1165,#8870);
#8872=IFCSHAPEREPRESENTATION(#18,'Profile','MappedRepresentation',(#8871));
#8873=IFCPRODUCTDEFINITIONSHAPE($,$,(#8872,#8880,#8887));
#8874=IFCCARTESIANPOINT((0.,0.,0.));
#8875=IFCDIRECTION((1.,0.,0.));
#8876=IFCDIRECTION((0.,1.,0.));
#8877=IFCDIRECTION((0.,0.,1.));
#8878=IFCCARTESIANTRANSFORMATIONOPERATOR3D(#8875,#8876,#8874,1.,#8877);
#8879=IFCMAPPEDITEM(#1243,#8878);
#8880=IFCSHAPEREPRESENTATION(#11,'Body','MappedRepresentation',(#8879));
#8881=IFCCARTESIANPOINT((0.,0.,0.));
#8882=IFCDIRECTION((1.,0.,0.));
#8883=IFCDIRECTION((0.,1.,0.));
#8884=IFCDIRECTION((0.,0.,1.));
#8885=IFCCARTESIANTRANSFORMATIONOPERATOR3D(#8882,#8883,#8881,1.,#8884);
#8886=IFCMAPPEDITEM(#1262,#8885);
#8887=IFCSHAPEREPRESENTATION(#24,'Body','MappedRepresentation',(#8886));
#8888=IFCOPENINGELEMENT('2ttgbJwTT4SAnSZbIIo3ca',$,'Opening',$,$,#8907,#8901,$,.OPENING.);
#8894=IFCCARTESIANPOINT((0.,0.,0.));
#8895=IFCDIRECTION((1.,0.,0.));
#8896=IFCDIRECTION((0.,1.,0.));
#8897=IFCDIRECTION((0.,0.,1.));
#8898=IFCCARTESIANTRANSFORMATIONOPERATOR3D(#8895,#8896,#8894,1.,#8897);
#8899=IFCMAPPEDITEM(#1307,#8898);
#8900=IFCSHAPEREPRESENTATION(#11,'Body','MappedRepresentation',(#8899));
#8901=IFCPRODUCTDEFINITIONSHAPE($,$,(#8900));
#8902=IFCRELVOIDSELEMENT('3vpsn7glT59ukaMWUSA51m',$,$,$,#8446,#8888);
#8903=IFCCARTESIANPOINT((1.2619008697875398,3.7786051620969374E-08,0.));
#8904=IFCDIRECTION((0.,0.,1.));
#8905=IFCDIRECTION((1.,1.0842021724855044E-19,0.));
#8906=IFCAXIS2PLACEMENT3D(#8903,#8904,#8905);
#8907=IFCLOCALPLACEMENT(#8515,#8906);
#8908=IFCRELFILLSELEMENT('1gDXTrzjf6NgnQPIChUSe6',$,$,$,#8888,#8865);
#8909=IFCCARTESIANPOINT((-2.220446049250313E-16,-2.220446049250313E-16,0.));
#8910=IFCDIRECTION((0.,0.,1.));
#8911=IFCDIRECTION((1.0000000028103457,0.,0.));
#8912=IFCAXIS2PLACEMENT3D(#8909,#8910,#8911);
#8913=IFCLOCALPLACEMENT(#8907,#8912);
#8914=IFCSLAB('3oV_LWxo187Bn98W1Aw8LB',$,'Slab',$,$,#8921,#8928,$,$);
#8915=IFCMATERIALLAYERSETUSAGE(#5029,.AXIS3.,.POSITIVE.,-0.10000000149011612,$);
#8916=IFCRELASSOCIATESMATERIAL('27LDpEHj5EG9ArIRXAmxQo',$,$,$,(#8914),#8915);
#8917=IFCCARTESIANPOINT((0.22660541534423828,-2.590106248855591,0.));
#8918=IFCDIRECTION((0.,0.,1.));
#8919=IFCDIRECTION((1.,0.,0.));
#8920=IFCAXIS2PLACEMENT3D(#8917,#8918,#8919);
#8921=IFCLOCALPLACEMENT(#5027,#8920);
#8922=IFCCARTESIANPOINTLIST2D(((0.,0.),(-3.,0.),(-3.020000457763672,1.2800002098083496),(-2.384185791015625E-07,1.2785083055496216),(0.,0.)));
#8923=IFCINDEXEDPOLYCURVE(#8922,$,$);
#8924=IFCDIRECTION((0.,0.,1.));
#8925=IFCARBITRARYCLOSEDPROFILEDEF(.AREA.,$,#8923);
#8926=IFCEXTRUDEDAREASOLID(#8925,#8935,#8924,0.1);
#8927=IFCSHAPEREPRESENTATION(#11,'Body','SweptSolid',(#8926));
#8928=IFCPRODUCTDEFINITIONSHAPE($,$,(#8927));
#8929=IFCPROPERTYSET('1KDs1cPnb0o8dEbyttlvii',$,'EPset_Parametric',$,(#8931));
#8930=IFCRELDEFINESBYPROPERTIES('0q809KMy5AdxaCRvImCySp',$,$,$,(#8914),#8929);
#8931=IFCPROPERTYSINGLEVALUE('Engine',$,IFCLABEL('Bonsai.DumbLayer3'),$);
#8932=IFCCARTESIANPOINT((-0.,-0.,-0.10000000149011612));
#8933=IFCDIRECTION((0.,0.,1.));
#8934=IFCDIRECTION((1.,0.,0.));
#8935=IFCAXIS2PLACEMENT3D(#8932,#8933,#8934);
#8936=IFCRAILINGTYPE('2hPo2galD7oepRDYrSZeoc',$,'Unnamed',$,$,(#8937,#8939),(#8968,#9012),$,$,.USERDEFINED.);
#8937=IFCPROPERTYSET('1YuxQ6Si951ABU6uFBQcXR',$,'BBIM_Railing',$,(#8938));
#8938=IFCPROPERTYSINGLEVALUE('Data',$,IFCTEXT('{"railing_type": "FRAMELESS_PANEL", "height": 1.0, "thickness": 0.05000000074505806, "spacing": 0.05000000074505806, "path_data": {"edges": [[0, 1], [1, 2]], "verts": [[-1.0, 0.0, 0.0], [0.0, 0.0, 0.0], [1.0, 0.0, 0.0]]}}'),$);
#8939=IFCPROPERTYSET('1QhBiacTLDfh5yBdclan4B',$,'Pset_RailingCommon',$,(#8940));
#8940=IFCPROPERTYSINGLEVALUE('Height',$,IFCPOSITIVELENGTHMEASURE(1.),$);
#8964=IFCCARTESIANPOINT((0.,0.,0.));
#8965=IFCDIRECTION((1.,0.,0.));
#8966=IFCDIRECTION((0.,0.,1.));
#8967=IFCAXIS2PLACEMENT3D(#8964,#8966,#8965);
#8968=IFCREPRESENTATIONMAP(#8967,#9003);
#8969=IFCINDEXEDPOLYGONALFACE((1,2,3));
#8970=IFCINDEXEDPOLYGONALFACE((4,5,6));
#8971=IFCINDEXEDPOLYGONALFACE((7,8,2));
#8972=IFCINDEXEDPOLYGONALFACE((9,10,11));
#8973=IFCINDEXEDPOLYGONALFACE((12,13,14));
#8974=IFCINDEXEDPOLYGONALFACE((15,16,5));
#8975=IFCINDEXEDPOLYGONALFACE((3,11,1));
#8976=IFCINDEXEDPOLYGONALFACE((6,14,4));
#8977=IFCINDEXEDPOLYGONALFACE((7,17,8));
#8978=IFCINDEXEDPOLYGONALFACE((18,10,9));
#8979=IFCINDEXEDPOLYGONALFACE((7,18,17));
#8980=IFCINDEXEDPOLYGONALFACE((18,9,17));
#8981=IFCINDEXEDPOLYGONALFACE((15,19,16));
#8982=IFCINDEXEDPOLYGONALFACE((20,13,12));
#8983=IFCINDEXEDPOLYGONALFACE((15,20,19));
#8984=IFCINDEXEDPOLYGONALFACE((20,12,19));
#8985=IFCINDEXEDPOLYGONALFACE((4,20,15));
#8986=IFCINDEXEDPOLYGONALFACE((14,13,20));
#8987=IFCINDEXEDPOLYGONALFACE((4,14,20));
#8988=IFCINDEXEDPOLYGONALFACE((2,8,17));
#8989=IFCINDEXEDPOLYGONALFACE((3,17,9));
#8990=IFCINDEXEDPOLYGONALFACE((3,2,17));
#8991=IFCINDEXEDPOLYGONALFACE((6,19,12));
#8992=IFCINDEXEDPOLYGONALFACE((5,16,19));
#8993=IFCINDEXEDPOLYGONALFACE((6,5,19));
#8994=IFCINDEXEDPOLYGONALFACE((2,1,7));
#8995=IFCINDEXEDPOLYGONALFACE((11,3,9));
#8996=IFCINDEXEDPOLYGONALFACE((14,6,12));
#8997=IFCINDEXEDPOLYGONALFACE((5,4,15));
#8998=IFCINDEXEDPOLYGONALFACE((11,10,18));
#8999=IFCINDEXEDPOLYGONALFACE((1,18,7));
#9000=IFCINDEXEDPOLYGONALFACE((1,11,18));
#9001=IFCCARTESIANPOINTLIST3D(((-0.9750000238418579,-0.02500000037252903,1.),(-0.02500000037252903,-0.02500000037252903,1.),(-0.02500000037252903,0.02500000037252903,1.),(0.02500000037252903,-0.02500000037252903,1.),(0.9750000238418579,-0.02500000037252903,1.),(0.9750000238418579,0.02500000037252903,1.),(-0.9750000238418579,-0.02500000037252903,0.),(-0.02500000037252903,-0.02500000037252903,0.),(-0.02500000037252903,0.02500000037252903,0.),(-0.9750000238418579,0.02500000037252903,0.),(-0.9750000238418579,0.02500000037252903,1.),(0.9750000238418579,0.02500000037252903,0.),(0.02500000037252903,0.02500000037252903,0.),(0.02500000037252903,0.02500000037252903,1.),(0.02500000037252903,-0.02500000037252903,0.),(0.9750000238418579,-0.02500000037252903,0.),(-0.02500000037252903,0.,0.),(-0.9750000238418579,0.,0.),(0.9750000238418579,0.,0.),(0.02500000037252903,0.,0.)));
#9002=IFCPOLYGONALFACESET(#9001,.T.,(#8969,#8970,#8971,#8972,#8973,#8974,#8975,#8976,#8977,#8978,#8979,#8980,#8981,#8982,#8983,#8984,#8985,#8986,#8987,#8988,#8989,#8990,#8991,#8992,#8993,#8994,#8995,#8996,#8997,#8998,#8999,#9000),$);
#9003=IFCSHAPEREPRESENTATION(#11,'Body','Tessellation',(#9002));
#9005=IFCCARTESIANPOINT((-0.9750000238418579,-0.02500000037252903,0.));
#9006=IFCBOUNDINGBOX(#9005,1.9500000476837158,0.05000000074505806,1.);
#9007=IFCSHAPEREPRESENTATION(#13,'Box','BoundingBox',(#9006));
#9008=IFCCARTESIANPOINT((0.,0.,0.));
#9009=IFCDIRECTION((1.,0.,0.));
#9010=IFCDIRECTION((0.,0.,1.));
#9011=IFCAXIS2PLACEMENT3D(#9008,#9010,#9009);
#9012=IFCREPRESENTATIONMAP(#9011,#9007);
#9013=IFCRAILING('13NlvcExz7iAaCraYCqn0E',$,'Railing',$,$,#9114,#9022,$,$);
#9014=IFCRELDEFINESBYTYPE('3DYK4F6Nn5EhDq5fH6HqeY',$,$,$,(#9013,#9089,#9060),#8936);
#9015=IFCCARTESIANPOINT((0.,0.,0.));
#9016=IFCDIRECTION((1.,0.,0.));
#9017=IFCDIRECTION((0.,1.,0.));
#9018=IFCDIRECTION((0.,0.,1.));
#9019=IFCCARTESIANTRANSFORMATIONOPERATOR3D(#9016,#9017,#9015,1.,#9018);
#9020=IFCMAPPEDITEM(#8968,#9019);
#9021=IFCSHAPEREPRESENTATION(#11,'Body','MappedRepresentation',(#9020));
#9022=IFCPRODUCTDEFINITIONSHAPE($,$,(#9021,#9029));
#9023=IFCCARTESIANPOINT((0.,0.,0.));
#9024=IFCDIRECTION((1.,0.,0.));
#9025=IFCDIRECTION((0.,1.,0.));
#9026=IFCDIRECTION((0.,0.,1.));
#9027=IFCCARTESIANTRANSFORMATIONOPERATOR3D(#9024,#9025,#9023,1.,#9026);
#9028=IFCMAPPEDITEM(#9012,#9027);
#9029=IFCSHAPEREPRESENTATION(#13,'Box','MappedRepresentation',(#9028));
#9060=IFCRAILING('2u_H_$Am98F89kqWGDyI6i',$,'Railing',$,$,#9119,#9073,$,$);
#9066=IFCCARTESIANPOINT((0.,0.,0.));
#9067=IFCDIRECTION((1.,0.,0.));
#9068=IFCDIRECTION((0.,1.,0.));
#9069=IFCDIRECTION((0.,0.,1.));
#9070=IFCCARTESIANTRANSFORMATIONOPERATOR3D(#9067,#9068,#9066,1.,#9069);
#9071=IFCMAPPEDITEM(#8968,#9070);
#9072=IFCSHAPEREPRESENTATION(#11,'Body','MappedRepresentation',(#9071));
#9073=IFCPRODUCTDEFINITIONSHAPE($,$,(#9072,#9080));
#9074=IFCCARTESIANPOINT((0.,0.,0.));
#9075=IFCDIRECTION((1.,0.,0.));
#9076=IFCDIRECTION((0.,1.,0.));
#9077=IFCDIRECTION((0.,0.,1.));
#9078=IFCCARTESIANTRANSFORMATIONOPERATOR3D(#9075,#9076,#9074,1.,#9077);
#9079=IFCMAPPEDITEM(#9012,#9078);
#9080=IFCSHAPEREPRESENTATION(#13,'Box','MappedRepresentation',(#9079));
#9081=IFCPROPERTYSET('1cYoTOF11DLeIsY5qnn5o4',$,'BBIM_Array',$,(#9083,#9084));
#9082=IFCRELDEFINESBYPROPERTIES('2JyLwLg6f2sx3Wjm9FCGjC',$,$,$,(#9060),#9081);
#9083=IFCPROPERTYSINGLEVALUE('Data',$,$,$);
#9084=IFCPROPERTYSINGLEVALUE('Parent',$,IFCLABEL('13NlvcExz7iAaCraYCqn0E'),$);
#9085=IFCPROPERTYSET('1vKb5Z_Bj42OuH6xUvwdjb',$,'BBIM_Array',$,(#9087,#9088));
#9086=IFCRELDEFINESBYPROPERTIES('2XDJfhTd53Ix$Q4YW7NV1U',$,$,$,(#9013),#9085);
#9087=IFCPROPERTYSINGLEVALUE('Data',$,IFCTEXT('[{"children": ["2u_H_$Am98F89kqWGDyI6i"], "count": 2, "x": 1.9500000476837158, "y": 0.0, "z": 0.0, "use_local_space": true, "method": "OFFSET", "per_child_opening": true}]'),$);
#9088=IFCPROPERTYSINGLEVALUE('Parent',$,IFCLABEL('13NlvcExz7iAaCraYCqn0E'),$);
#9089=IFCRAILING('3hReDLGAbFEfd_THKkFO7U',$,'Railing',$,$,#9124,#9097,$,$);
#9090=IFCCARTESIANPOINT((0.,0.,0.));
#9091=IFCDIRECTION((1.,0.,0.));
#9092=IFCDIRECTION((0.,1.,0.));
#9093=IFCDIRECTION((0.,0.,1.));
#9094=IFCCARTESIANTRANSFORMATIONOPERATOR3D(#9091,#9092,#9090,1.,#9093);
#9095=IFCMAPPEDITEM(#8968,#9094);
#9096=IFCSHAPEREPRESENTATION(#11,'Body','MappedRepresentation',(#9095));
#9097=IFCPRODUCTDEFINITIONSHAPE($,$,(#9096,#9104));
#9098=IFCCARTESIANPOINT((0.,0.,0.));
#9099=IFCDIRECTION((1.,0.,0.));
#9100=IFCDIRECTION((0.,1.,0.));
#9101=IFCDIRECTION((0.,0.,1.));
#9102=IFCCARTESIANTRANSFORMATIONOPERATOR3D(#9099,#9100,#9098,1.,#9101);
#9103=IFCMAPPEDITEM(#9012,#9102);
#9104=IFCSHAPEREPRESENTATION(#13,'Box','MappedRepresentation',(#9103));
#9110=IFCCARTESIANPOINT((-1.7942728996276855,-2.5458502769470215,0.));
#9111=IFCDIRECTION((0.,0.,1.));
#9112=IFCDIRECTION((1.,0.,0.));
#9113=IFCAXIS2PLACEMENT3D(#9110,#9111,#9112);
#9114=IFCLOCALPLACEMENT(#5027,#9113);
#9115=IFCCARTESIANPOINT((0.15572714805603027,-2.5458502769470215,0.));
#9116=IFCDIRECTION((0.,0.,1.));
#9117=IFCDIRECTION((1.,0.,0.));
#9118=IFCAXIS2PLACEMENT3D(#9115,#9116,#9117);
#9119=IFCLOCALPLACEMENT(#5027,#9118);
#9120=IFCCARTESIANPOINT((-2.7511541843414307,-1.5997942686080933,0.));
#9121=IFCDIRECTION((0.,0.,1.));
#9122=IFCDIRECTION((0.00018711487064138055,1.,0.));
#9123=IFCAXIS2PLACEMENT3D(#9120,#9121,#9122);
#9124=IFCLOCALPLACEMENT(#5027,#9123);
#9125=IFCWALL('3hiGTmg_j8i978CZ3cYcby',$,'Wall',$,$,#9136,#9131,$,$);
#9126=IFCMATERIALLAYERSETUSAGE(#82,.AXIS2.,.POSITIVE.,0.,$);
#9127=IFCRELASSOCIATESMATERIAL('2Wmn768RjFIOyXoHyT$xqq',$,$,$,(#9125),#9126);
#9131=IFCPRODUCTDEFINITIONSHAPE($,$,(#9162,#9159));
#9132=IFCCARTESIANPOINT((0.8766047358512878,4.919893741607666,0.));
#9133=IFCDIRECTION((0.,0.,1.));
#9134=IFCDIRECTION((0.9999139308929443,0.013120274990797043,0.));
#9135=IFCAXIS2PLACEMENT3D(#9132,#9133,#9134);
#9136=IFCLOCALPLACEMENT(#5027,#9135);
#9147=IFCPROPERTYSET('00kbDVTBPFheAX1TKxyv_1',$,'EPset_Parametric',$,(#9149));
#9148=IFCRELDEFINESBYPROPERTIES('2miYqiDvL0XR3xokw1s2FZ',$,$,$,(#9125),#9147);
#9149=IFCPROPERTYSINGLEVALUE('Engine',$,IFCLABEL('Bonsai.DumbLayer2'),$);
#9150=IFCCARTESIANPOINTLIST2D(((0.,0.),(0.,0.1),(3.3067895546595105,0.1),(3.3067895546595105,0.)));
#9151=IFCINDEXEDPOLYCURVE(#9150,(IFCLINEINDEX((1,2,3,4,1))),$);
#9152=IFCARBITRARYCLOSEDPROFILEDEF(.AREA.,$,#9151);
#9153=IFCCARTESIANPOINT((0.,0.,0.));
#9154=IFCDIRECTION((0.,0.,1.));
#9155=IFCDIRECTION((1.,0.,0.));
#9156=IFCAXIS2PLACEMENT3D(#9153,#9154,#9155);
#9157=IFCDIRECTION((0.,0.,1.));
#9158=IFCEXTRUDEDAREASOLID(#9152,#9156,#9157,3.);
#9159=IFCSHAPEREPRESENTATION(#11,'Body','SweptSolid',(#9158));
#9160=IFCCARTESIANPOINTLIST2D(((0.,0.),(3.3067895546595105,0.)));
#9161=IFCINDEXEDPOLYCURVE(#9160,$,$);
#9162=IFCSHAPEREPRESENTATION(#23,'Axis','Curve2D',(#9161));
#9163=IFCDOOR('3jJARHq8nAB8CrCPW3L4Ok',$,'Door',$,$,#9211,#9171,$,2.,0.87245774269104,$,$,$);
#9164=IFCCARTESIANPOINT((0.,0.,0.));
#9165=IFCDIRECTION((1.,0.,0.));
#9166=IFCDIRECTION((0.,1.,0.));
#9167=IFCDIRECTION((0.,0.,1.));
#9168=IFCCARTESIANTRANSFORMATIONOPERATOR3D(#9165,#9166,#9164,1.,#9167);
#9169=IFCMAPPEDITEM(#1450,#9168);
#9170=IFCSHAPEREPRESENTATION(#18,'Profile','MappedRepresentation',(#9169));
#9171=IFCPRODUCTDEFINITIONSHAPE($,$,(#9170,#9178,#9185));
#9172=IFCCARTESIANPOINT((0.,0.,0.));
#9173=IFCDIRECTION((1.,0.,0.));
#9174=IFCDIRECTION((0.,1.,0.));
#9175=IFCDIRECTION((0.,0.,1.));
#9176=IFCCARTESIANTRANSFORMATIONOPERATOR3D(#9173,#9174,#9172,1.,#9175);
#9177=IFCMAPPEDITEM(#1458,#9176);
#9178=IFCSHAPEREPRESENTATION(#11,'Body','MappedRepresentation',(#9177));
#9179=IFCCARTESIANPOINT((0.,0.,0.));
#9180=IFCDIRECTION((1.,0.,0.));
#9181=IFCDIRECTION((0.,1.,0.));
#9182=IFCDIRECTION((0.,0.,1.));
#9183=IFCCARTESIANTRANSFORMATIONOPERATOR3D(#9180,#9181,#9179,1.,#9182);
#9184=IFCMAPPEDITEM(#1536,#9183);
#9185=IFCSHAPEREPRESENTATION(#24,'Body','MappedRepresentation',(#9184));
#9186=IFCOPENINGELEMENT('1XKBTdrBHFLxTS9X79P_Je',$,'Opening',$,$,#9205,#9199,$,.OPENING.);
#9192=IFCCARTESIANPOINT((0.,0.,0.));
#9193=IFCDIRECTION((1.,0.,0.));
#9194=IFCDIRECTION((0.,1.,0.));
#9195=IFCDIRECTION((0.,0.,1.));
#9196=IFCCARTESIANTRANSFORMATIONOPERATOR3D(#9193,#9194,#9192,1.,#9195);
#9197=IFCMAPPEDITEM(#1599,#9196);
#9198=IFCSHAPEREPRESENTATION(#11,'Body','MappedRepresentation',(#9197));
#9199=IFCPRODUCTDEFINITIONSHAPE($,$,(#9198));
#9200=IFCRELVOIDSELEMENT('2n3hFqnfLCgPCJzmGZB5AH',$,$,$,#9125,#9186);
#9201=IFCCARTESIANPOINT((0.1986424857565957,1.478955722333808E-07,0.));
#9202=IFCDIRECTION((0.,0.,1.));
#9203=IFCDIRECTION((1.0000000000000002,1.8624848122095194E-09,0.));
#9204=IFCAXIS2PLACEMENT3D(#9201,#9202,#9203);
#9205=IFCLOCALPLACEMENT(#9136,#9204);
#9206=IFCRELFILLSELEMENT('1orfmrPwj5ohXQTYQo2149',$,$,$,#9186,#9163);
#9207=IFCCARTESIANPOINT((4.440892098500626E-16,8.881784197001252E-16,0.));
#9208=IFCDIRECTION((0.,0.,1.));
#9209=IFCDIRECTION((1.0000000054292457,1.734723475976807E-18,0.));
#9210=IFCAXIS2PLACEMENT3D(#9207,#9208,#9209);
#9211=IFCLOCALPLACEMENT(#9205,#9210);
ENDSEC;
END-ISO-10303-21;
